{
    "id": "file:///home/JSON-SCHEMA-FILES/bbu-detailed-schema.json",
    "schema": "http://json-schema.org/draft-04/schema#",
    "description": "Cache Vault Information (SHOW) - version 0.2",
    
    "type": "object",
    "properties": {
        "Controllers": { "$ref": "#/definitions/controllersArray" }
    },
    "additionalProperties": false,
    "required": [ "Controllers" ],
    "definitions": {
        "controllersArray": {
            "type": "array",
            "items": { "$ref": "#/definitions/controllers-array" },
            "minItems": 1,
            "uniqueItems": true
        },
        "controllers-array": {
            "type":"object",
            "properties": {
                "Command Status": { "$ref": "status-schema.json#/definitions/status" },
                "Response Data": { "$ref": "#/definitions/responseData" }
            },
            "additionalProperties": false,
            "required": [ "Command Status" ]
        },
        "responseData": {
            "type": "object",
            "properties": {
                "BBU_Info": { "$ref": "#/definitions/BBU-info" },
                "BBU_Firmware_Status": { "$ref": "#/definitions/firmware-status" },
                "GasGaugeStatus": { "$ref": "#/definitions/gas-guage-status" },
				"BBU_Capacity_Info": { "$ref": "#/definitions/BBU-Capacity-Info" },
                "BBU_Design_Info": { "$ref": "#/definitions/bbu-design-info" },
                "BBU_Properties": { "$ref": "#/definitions/bbu-properties" }
            },
            "additionalProperties": false,
            "required": [ "BBU_Info", "BBU_Firmware_Status", "GasGaugeStatus" ]
        },
        "BBU-info": {
            "type": "array",
            "items": { "$ref": "#/definitions/BBU" },
            "minItems": 1, 
            "uniqueItems": true
        }, 
        "firmware-status": {
            "type": "array",
            "items": { "$ref": "#/definitions/firmwarestatus" },
            "minItems": 1, 
            "uniqueItems": true
        },
        "gas-guage-status": {
            "type": "array",
            "items": { "$ref": "#/definitions/gasguagestatus" },
            "minItems": 1, 
            "uniqueItems": true
        },
		"BBU-Capacity-Info": {
			"type": "array",
            "items": { "$ref": "#/definitions/bbucapacityinfo" },
            "minItems": 1, 
            "uniqueItems": true
		},
        "bbu-design-info": {
            "type": "array",
            "items": { "$ref": "#/definitions/bbudesigninfo" },
            "minItems": 1, 
            "uniqueItems": true
        },
        "bbu-properties": {
            "type": "array",
            "items": { "$ref": "#/definitions/bbuproperties" },
            "minItems": 1, 
            "uniqueItems": true
        },
        "BBU": {
            "type": "object",
            "properties": {
                "Property": {"type": "string", "enum": [ "Type", "Voltage", "Current", "Temperature", "Battery State" ] },
                "Value": {"type": "string" }
            },
            "additionalProperties": false,
            "required": [ "Property",
                          "Value"
            ]
        },
        "firmwarestatus": {
            "type": "object",
            "properties": {
                "Property": {"type": "string", "enum": [ "Charging Status", "Voltage", "Temperature", "Learn Cycle Requested", "Learn Cycle Active", 
														 "Learn Cycle Status", "Learn Cycle Timeout", "I2C Errors Detected", "Battery Pack Missing", 
														 "Replacement required", "Remaining Capacity Low", "Periodic Learn Required", "Transparent Learn", 
														 "No space to cache offload", "Pack is about to fail & should be replaced", 
														 "Cache Offload premium feature required", "Module microcode update required" ] },
                "Value": {"type": "string" }
            },
            "additionalProperties": false,
            "required": [ "Property",
                          "Value"
            ]
        },
        "gasguagestatus": {
            "type": "object",
            "properties": {
                "Property": {"type": "string", "enum": [ "GasGauge StatusCode", "Fully Discharged", "Fully Charged", "Discharging", "Initialized", "Remaining Time Alarm",
														 "Terminate Discharge Alarm", "Over Temperature", "Charging Terminated", "Over Charged", "Relative State of Charge",
														 "Charger System State", "Charger System Ctrl", "Charging current", "Absolute state of charge", "Max Error", 
														 "Remaining Capacity", "Full Charge Capacity", "Is SOH Good", "Pack Energy", "Capacitance", "Remaining Reserve Space", 
														 "Battery backup charge time" ] },
                "Value":
				{
					"oneOf": [
						{"type": "string" },
						{"type": "number", "minimum": 0 }
					]				
				} 
            },
            "additionalProperties": false,
            "required": [ "Property",
                          "Value"
            ]
        },
		"bbucapacityinfo": {
			"type": "object",
			"properties": {
                "Property": {"type": "string", "enum": [ "Relative State of Charge", "Absolute State of charge", "Remaining Capacity", "Full Charge Capacity", "Run time to empty",
														 "Average time to empty", "Average Time to full", "Cycle Count", "Max Error", "Remaining Capacity Alarm", "Remaining Time Alarm"] },
                "Value": {"type": "string" }
            },
            "additionalProperties": false,
            "required": [ "Property",
                          "Value"
            ]
		},
        "bbudesigninfo": {
            "type": "object",
            "properties": {
                "Property": {"type": "string", "enum": [ "Date of Manufacture", "Design Capacity", "Design Voltage", "Specification Info", "Serial Number", 
														 "Pack Stat Configuration", "Manufacture Name",  "Device Name", "tmmFru", "CacheVault Flash Size", "Device Chemistry",
                                                         "Battery FRU", "Transparent Learn", "App Data", "Module Version" ] },
                "Value": 
				{
					"oneOf": [
						{"type": "string" },
						{"type": "number", "minimum": 0 }
					]				
				} 
            },
            "additionalProperties": false,
            "required": [ "Property",
                          "Value"
            ]
        },
        "bbuproperties": {
            "type": "object",
            "properties": {
                "Property": {"type": "string", "enum": [ "Auto Learn Period", "Next Learn time", "Learn Delay Interval", "Auto-Learn Mode", "Last Successful Learn Time", "BBU Mode" ] },
                "Value": {"type": "string" }
            },
            "additionalProperties": false,
            "required": [ "Property",
                          "Value"
            ]
        }
    }
}