{
    "id": "file:///home/JSON-SCHEMA-FILES/bbu-show-learn-schema.json",
    "schema": "http://json-schema.org/draft-04/schema#",
    "description": "Cache Vault Information (SHOW) - version 0.1",
    
    "type": "object",
    "properties": {
        "Controllers": { "$ref": "#/definitions/controllersArray" }
    },
    "additionalProperties": false,
    "required": [ "Controllers" ],
    "definitions": {
        "controllersArray": {
            "type": "array",
            "items": { "$ref": "#/definitions/controllers-array" },
            "minItems": 1,
            "uniqueItems": true
        },
        "controllers-array": {
            "type":"object",
            "properties": {
                "Command Status": { "$ref": "status-schema.json#/definitions/status" },
                "Response Data": { "$ref": "#/definitions/responseData" }
            },
            "additionalProperties": false,
            "required": [ "Command Status" ]
        },
        "responseData": {
            "type": "object",
            "properties": {
                "BBU Learn": { "$ref": "#/definitions/bbu-learn" }
            },
            "additionalProperties": false,
            "required": [ "BBU Learn" ]
        },
        "bbu-learn": {
            "type": "array",
            "items": { "$ref": "#/definitions/bbulearn" },
            "minItems": 1, 
            "uniqueItems": true
        }, 
        "bbulearn": {
            "type": "object",
            "properties": {
                "Property": {"type": "string", "enum": [ "Auto Learn Mode", "Schedule Time", "Interval", "Learn Cycle Active", "Last Successful Learn status" ] },
                "Value": {"type": "string" }
            },
            "additionalProperties": false,
            "required": [ "Property",
                          "Value"
            ]
        }
    }
}