{
    "id": "file:///home/JSON-SCHEMA-FILES/bbu-show-prop-schema.json",
    "schema": "http://json-schema.org/draft-04/schema#",
    "description": "Cache Vault Information (SHOW) - version 0.1",
    
    "type": "object",
    "properties": {
        "Controllers": { "$ref": "#/definitions/controllersArray" }
    },
    "additionalProperties": false,
    "required": [ "Controllers" ],
    "definitions": {
        "controllersArray": {
            "type": "array",
            "items": { "$ref": "#/definitions/controllers-array" },
            "minItems": 1,
            "uniqueItems": true
        },
        "controllers-array": {
            "type":"object",
            "properties": {
                "Command Status": { "$ref": "status-schema.json#/definitions/status" },
                "Response Data": { "$ref": "#/definitions/responseData" }
            },
            "additionalProperties": false,
            "required": [ "Command Status" ]
        },
        "responseData": {
            "type": "object",
            "properties": {
                "BBU_Properties": { "$ref": "#/definitions/bbu-properties" }
            },
            "additionalProperties": false,
            "required": [ "BBU_Properties" ]
        },
        "bbu-properties": {
            "type": "array",
            "items": { "$ref": "#/definitions/bbuproperties" },
            "minItems": 1, 
            "uniqueItems": true
        }, 
        "bbuproperties": {
            "type": "object",
            "properties": {
                "Property": {"type": "string", "enum": [ "Auto Learn Period", "Next Learn time", "Learn Delay Interval", "Auto-Learn Mode", "Last Successful Learn Time", "BBU Mode" ] },
                "Value": {"type": "string" }
            },
            "additionalProperties": false,
            "required": [ "Property",
                          "Value"
            ]
        }
    }
}