{
    "id": "file:///home/JSON-SCHEMA-FILES/cache-vault-schema.json",
    "schema": "http://json-schema.org/draft-04/schema#",
    "description": "Cache Vault Information (SHOW) - version 0.1",
    
    "type": "object",
    "properties": {
        "Controllers": { "$ref": "#/definitions/controllersArray" }
    },
    "additionalProperties": false,
    "required": [ "Controllers" ],
    "definitions": {
        "controllersArray": {
            "type": "array",
            "items": { "$ref": "#/definitions/controllers-array" },
            "minItems": 1,
            "uniqueItems": true
        },
        "controllers-array": {
            "type":"object",
            "properties": {
                "Command Status": { "$ref": "status-schema.json#/definitions/status" },
                "Response Data": { "$ref": "#/definitions/responseData" }
            },
            "additionalProperties": false,
            "required": [ "Command Status" ]
        },
        "responseData": {
            "type": "object",
            "properties": {
                "Cachevault_Info": { "$ref": "#/definitions/cachevault-info" }
            },
            "additionalProperties": false,
            "required": [ "Cachevault_Info" ]
        },
        "cachevault-info": {
            "type": "array",
            "items": { "$ref": "#/definitions/cachevault" },
            "minItems": 1, 
            "uniqueItems": true
        }, 
        "cachevault": {
            "type": "object",
            "properties": {
                "Model" :{"type": "string"},
                "State" : {"type": "string", "enum": ["Missing", "Optimal", "Failed", "Dgd", "Dgd (Needs Attention)", "Unknown"] },
                "Temp" : {"type": "string", "pattern": "^((\\d{1}|\\d{2}|\\d{3})C)$"},
                "Mode" : { "type": "string", "pattern": "^(\\d{1}|-)$" },
                "MfgDate" : { "type": "string", "pattern": "^((19|20|30)\\d{2}/(0[1-9]|1[0-2])/(0[1-9]|1\\d|2\\d|3[01]))?$" },
                "Next Learn" : { "type": "string", "pattern": "^((19|20|30)\\d{2}/(0[1-9]|1[0-2])/(0[1-9]|1\\d|2\\d|3[01])  (([0-1]?[0-9])|([2][0-3])):([0-5]?[0-9])(:([0-5]?[0-9])))?$" }
            },
            "additionalProperties": false,
            "required": [ "Model",
                          "State",
                          "Temp",
                          "Mode",
                          "MfgDate"
            ]
        }
    }
}