{
    "id": "file:///home/JSON-SCHEMA-FILES/cache-vault-detailed-schema.json",
    "schema": "http://json-schema.org/draft-04/schema#",
    "description": "Cache Vault Information (SHOW) - version 0.2",
    
    "type": "object",
    "properties": {
        "Controllers": { "$ref": "#/definitions/controllersArray" }
    },
    "additionalProperties": false,
    "required": [ "Controllers" ],
    "definitions": {
        "controllersArray": {
            "type": "array",
            "items": { "$ref": "#/definitions/controllers-array" },
            "minItems": 1,
            "uniqueItems": true
        },
        "controllers-array": {
            "type":"object",
            "properties": {
                "Command Status": { "$ref": "status-schema.json#/definitions/status" },
                "Response Data": { "$ref": "#/definitions/responseData" }
            },
            "additionalProperties": false,
            "required": [ "Command Status" ]
        },
        "responseData": {
            "type": "object",
            "properties": {
                "Cachevault_Info": { "$ref": "#/definitions/cachevault-info" },
                "Firmware_Status": { "$ref": "#/definitions/firmware-status" },
                "GasGaugeStatus": { "$ref": "#/definitions/gas-guage-status" },
                "Design_Info": { "$ref": "#/definitions/design-info" },
                "Properties": { "$ref": "#/definitions/cv-properties" }
            },
            "additionalProperties": false,
            "required": [ "Cachevault_Info", "Firmware_Status", "GasGaugeStatus" ]
        },
        "cachevault-info": {
            "type": "array",
            "items": { "$ref": "#/definitions/cachevault" },
            "minItems": 1, 
            "uniqueItems": true
        }, 
        "firmware-status": {
            "type": "array",
            "items": { "$ref": "#/definitions/firmwarestatus" },
            "minItems": 1, 
            "uniqueItems": true
        },
        "gas-guage-status": {
            "type": "array",
            "items": { "$ref": "#/definitions/gasguagestatus" },
            "minItems": 1, 
            "uniqueItems": true
        },
        "design-info": {
            "type": "array",
            "items": { "$ref": "#/definitions/designinfo" },
            "minItems": 1, 
            "uniqueItems": true
        },
        "cv-properties": {
            "type": "array",
            "items": { "$ref": "#/definitions/cvproperties" },
            "minItems": 1, 
            "uniqueItems": true
        },
        "cachevault": {
            "type": "object",
            "properties": {
                "Property": {"type": "string", "enum": [ "Type", "Temperature", "State" ] },
                "Value": {"type": "string" }
            },
            "additionalProperties": false,
            "required": [ "Property",
                          "Value"
            ]
        },
        "firmwarestatus": {
            "type": "object",
            "properties": {
                "Property": {"type": "string", "enum": [ "Replacement required", "No space to cache offload", "Module microcode update required" ,"NVCache State"] },
                "Value": {"type": "string" }
            },
            "additionalProperties": false,
            "required": [ "Property",
                          "Value"
            ]
        },
        "gasguagestatus": {
            "type": "object",
            "properties": {
                "Property": {"type": "string", "enum": [  "Pack Energy", "Capacitance", "Remaining Reserve Space" ] },
                "Value":
				{
					"oneOf": [
						{"type": "string" },
						{"type": "number", "minimum": 0 }
					]				
				} 
            },
            "additionalProperties": false,
            "required": [ "Property",
                          "Value"
            ]
        },
        "designinfo": {
            "type": "object",
            "properties": {
                "Property": {"type": "string", "enum": [ "Date of Manufacture", "Serial Number", "Manufacture Name", "Design Capacity", "Device Name", 
                                                         "tmmFru", "CacheVault Flash Size", "tmmBatversionNo", "tmmSerialNo", "tmm Date of Manufacture", 
                                                         "tmmPcbAssmNo", "tmmPCBversionNo", "tmmBatPackAssmNo", "scapBatversionNo", "scapSerialNo", 
                                                         "scap Date of Manufacture", "scapPcbAssmNo", "scapPCBversionNo", "scapBatPackAssmNo", "Module Version" ] },
                "Value": 
				{
					"oneOf": [
						{"type": "string" },
						{"type": "number", "minimum": 0 }
					]				
				} 
            },
            "additionalProperties": false,
            "required": [ "Property",
                          "Value"
            ]
        },
        "cvproperties": {
            "type": "object",
            "properties": {
                "Property": {"type": "string", "enum": [ "Auto Learn Period", "Next Learn time", "Learn Delay Interval", "Auto-Learn Mode", "Last Successful Learn Time" ] },
                "Value": {"type": "string" }
            },
            "additionalProperties": false,
            "required": [ "Property",
                          "Value"
            ]
        }
    }
}