{
    "id": "file:///home/JSON-SCHEMA-FILES/common-schema.json",
    "$schema": "http://json-schema.org/draft-04/schema#",
    "title": "generic status response",
    "description": "Common schema variables - version 0.8",
    
    "definitions": {
        "status-messages": {
            "type": "string",
            "enum": ["Success", "Failure", "Failed", "Not found", "-" ]
        },
        "date-time": {
            "oneOf": [
                { "$ref": "#/definitions/mm-dd-yyyy" },
                { "$ref": "#/definitions/time-sec" },
                { "$ref": "#/definitions/time-min" },
                { "$ref": "#/definitions/time-hour" },
                { "$ref": "#/definitions/mm-dd-yyyy-hh-mm-ss" }
            ]
        },
        "mm-dd-yyyy": {
            "type": "string", 
            "pattern": "^(0[0]|0[1-9]|1[0-2])/(0[0]|0[1-9]|1\\d|2\\d|3[01])/\\d{2}?$"
        },
        "time-sec": {
            "oneOf": [ 
                { "type": "string", "pattern": "^((\\d{1}|\\d{2}|\\d{3}|\\d{4}|\\d{5}) (Seconds|sec|second|seconds|second\\(s\\)))?$" },
                { "type": "string", "pattern": "^((\\d{1}|\\d{2}|\\d{3}|\\d{4}|\\d{5}) (ns|us|ms|s))?$" }
            ]
        },
        "time-min":{
            "type": "string",
            "pattern": "^((\\d{1}|\\d{2}|\\d{3}|\\d{4}|\\d{5}) (Minutes|min|minute|minutes|minute\\(s\\)))?$"
        },
        "time-hour":{
            "type": "string",
            "pattern": "^((\\d{1}|\\d{2}|\\d{3}|\\d{4}) (Hours|hrs|hour|hours|hour\\(s\\)))?$"
        },
        "time-day-hour-min":{
            "oneOf": [
                { "$ref":"#/definitions/time-sec" },
                { "$ref":"#/definitions/time-min" },
                { "type":"string","pattern": "^((([0-1]?[0-9])|([2][0-3])) Hours ([0-5]?[0-9]) Minutes)$" },
                { "type":"string","pattern": "^((\\d{1}|\\d{2}|\\d{3}) Days (([0-1]?[0-9])|([2][0-3])) Hours ([0-5]?[0-9]) Minutes)$" }
            ]
        },
        "mm-dd-yyyy-hh-mm-ss": {
            "oneOf": [ 
                { 
                    "type": "string",
                    "pattern": "^(0[1-9]|1[0-2])/(0[1-9]|1\\d|2\\d|3[01])/([1-9]?[0-9])\\d{2}, (([0-1]?[0-9])|([2][0-3])):([0-5]?[0-9])(:([0-5]?[0-9]))?$"
                },
                { 
                    "type": "string",
                    "pattern": "^(0[1-9]|1[0-2])/(0[1-9]|1\\d|2\\d|3[01])/([1-9]?[0-9])\\d{2} (([0-1]?[0-9])|([2][0-3])):([0-5]?[0-9])(:([0-5]?[0-9]))?$"
                },
                { 
                    "type": "string",
                    "pattern": "^(0[1-9]|1[0-2])/(0[1-9]|1\\d|2\\d|3[01])/\\d{2} (([0-1]?[0-9])|([2][0-3])):([0-5]?[0-9])(:([0-5]?[0-9]))?$"
                },
                { 
                    "type": "string",
                    "pattern": "^(0[1-9]|1[0-2])/(0[1-9]|1\\d|2\\d|3[01])/\\d{2}, (([0-1]?[0-9])|([2][0-3])):([0-5]?[0-9])(:([0-5]?[0-9]))?$"
                },
                { 
                    "type": "string",
                    "pattern": "^(([1-9]?[0-9])\\d{2}/(0[1-9]|1[0-2])/(0[1-9]|1\\d|2\\d|3[01]) (([0-1]?[0-9])|([2][0-3])):([0-5]?[0-9])(:([0-5]?[0-9])))$"
                },
                { 
                    "type": "string",
                    "pattern": "^(([1-9]?[0-9])\\d{2})/(0[1-9]|1[0-2])/(0[1-9]|1\\d|2\\d|3[01]) (([0-1]?[0-9])|([2][0-3]))?$"
                },
                { 
                    "type": "string",
                    "pattern": "^(([1-9]?[0-9])\\d{2})(0[1-9]|1[0-2])(0[1-9]|1\\d|2\\d|3[01]) (([0-1]?[0-9])|([2][0-3])):([0-5]?[0-9])(:([0-5]?[0-9]))?$"
                },
                { 
                    "type": "string",
                    "pattern": "^(0[1-9]|1[0-2])-(0[1-9]|1\\d|2\\d|3[01])-([1-9]?[0-9])\\d{2} (([0-1]?[0-9])|([2][0-3])):([0-5]?[0-9])(:([0-5]?[0-9]))?$"
                }
            ]
        },
        "dd-mm-yyyy": {
            "oneOf": [
                {"type": "string", "pattern": "^(0[0]|0[1-9]|1\\d|2\\d|3[01])-(0[0]|0[1-9]|1[0-2])-\\d{4}?$" },
                { "$ref": "#/definitions/info-not-available" }
            ]
        },
        "time-hour-min-sec":{
            "oneOf": [
                {"type": "string", "pattern": "^((([0-1]?[0-9])|([2][0-3])):(([0-5][0-9])):(([0-5][0-9])) (AM|PM))?$" },
                {"type": "string", "pattern": "^(([0-1]?[0-9])|([2][0-3])):(([0-5][0-9])):(([0-5][0-9]))?$" },
                { "$ref": "#/definitions/info-not-available" }
            ]
        },
        "number-as-string": {
            "type": "string", 
            "pattern": "^(\\d{1}|\\d{2}|\\d{3}|\\d{4}|\\d{5})$"
        },
        "sequential-number-with-comma": {
            "type": "string",
            "pattern": "^([0-9],)*$"
        },
        "boolean-yes-no": {
            "type": "string",
            "enum": ["Yes", "No", "YES", "NO", " YES", " NO" ]
        },
        "boolean-on-off": {
            "oneOf": [
                { "type": "string", "enum": [ "ON", "OFF" ] },
                { "type": "string", "enum": [ "On", "Off" ] },
                { "type": "string", "enum": [ "on", "off" ] },
                { "type": "string", "enum": [ "ON (Requires reboot for effect)", "OFF (Requires reboot for effect)" ] },
                { "type": "string", "enum": [ "On (Requires reboot for effect)", "Off (Requires reboot for effect)" ] }
            ]
        },
        "enable-disable": {
            "type": "string",
            "enum": ["Enabled", "Disabled"]
        },
        "active-inactive": {
            "type": "string",
            "enum": [ "Active", "Inactive" ]
        },
        "allowed-notallowed": {
            "type": "string",
            "enum": ["Allowed", "Not Allowed"]
        },
        "percentage": {
            "type": "string",
            "pattern": "^((\\d{1}|\\d{2}|100)%)?$"
        },
        "other-messages": {
            "type": "string", 
            "enum": [ "nothing", "everything" ]
        },
        "info-not-available": {
            "type": "string",
            "enum": [ "N/A", "NA" ]
        },
        "size": {
            "oneOf": [
                {"type": "string", "pattern": "^(((\\d{1}|\\d{2}|\\d{3}|\\d{4})(\\.)(\\d{1}|\\d{2}|\\d{3}|\\d{4})) (Bytes|B|KB|MB|GB|TB|PB|EB|ZB|YB))$"},
                {"type": "string", "pattern": "^(((\\d{1}|\\d{2}|\\d{3}|\\d{4})(\\.)(\\d{1}|\\d{2}|\\d{3}|\\d{4}))(Bytes|B|KB|MB|GB|TB|PB|EB|ZB|YB))$"},
                { "type": "string", "pattern": "^((\\d{1}|\\d{2}|\\d{3}|\\d{4}) (B|KB|MB|GB|TB|PB|EB|ZB|YB))$" },
                { "type": "string", "pattern": "^((\\d{1}|\\d{2}|\\d{3}|\\d{4})(B|KB|MB|GB|TB|PB|EB|ZB|YB))$" },
                { "$ref": "#/definitions/info-not-available" }
            ]
        },
        "null-string": {
            "type": "string", 
            "pattern": "^$"
        },
        "sectors": {
         "oneOf": [
                {"type": "string","pattern": "^(((\\d{1}|\\d{2}|\\d{3})(\\.)(\\d{1}|\\d{2}|\\d{3})) (KB|MB|GB|TB|PB|EB|ZB|YB) (\\[0x[0-9a-fA-F]{1,16} Sectors\\]))$"},
                {"type": "string","pattern": "^(((\\d{1}|\\d{2}|\\d{3}|\\d{4})) (KB|MB|GB|TB|PB|EB|ZB|YB) (\\[0x[0-9a-fA-F]{1,16} Sectors\\]))$"}       
            ]
        },
        "product-name": {
            "type": "string",
            "pattern": "^([a-z0-9A-z -]*)$"
        },
        "serial-number": {
            "type": "string"
        },
        "sas-address": {
            "oneOf": [
                { "type": "string", "pattern": "^( (([0-9a-fA-F]){16,16})|0|NA)$" },
                { "type": "string", "pattern": "^(0x(([0-9a-fA-F]){16,16})|0|NA)$" },
                { "type": "string", "pattern": "^((([0-9a-fA-F]){16,16})|0|NA)$" },
                { "type": "string", "pattern": "^((([0-9a-fA-F]){7,7})|0|NA)$" },
                { "type": "string", "pattern": "^((([0-9a-fA-F]){8,8})|0|NA)$" },
                { "type": "string", "pattern": "^(0x(([0-9a-fA-F]){8,8})|0|NA)$" },
                { "type": "string", "pattern": "^((([0-9a-fA-F]){9,9})|0|NA)$" },
		{ "type": "string", "pattern": "^( [0-9])$" }
            ]
        },
        "pci-address": {
            "type": "string",
            "pattern": "^((\\d{1}|\\d{2}|\\d{3}|\\d{4}):([a-z0-9]{2}|[A-Z0-9]{2}):\\d{2}:\\d{2})$"
        },
        "temperature": {
            "oneOf": [
                { "type": "string", "pattern":"^( (\\d{1}|\\d{2}|\\d{3})C (\\((\\d{1}|\\d{2}|\\d{3}).(\\d{1}|\\d{2}|\\d{3}) F\\)))$" },
                { "type": "string", "pattern": "^((\\d{1}|\\d{2}|\\d{3})C)$" },
                { "type": "number", "minimum": 0 },
                { "type": "string","enum":["N/A"] }
            ]
        },
        "hex-dump": {
            "type": "string",
            "pattern": "^([0-9A-Fa-f]{2}[ ]){0,512}$"
        },
        "fw-package-build": {
            "oneOf": [
                { "type": "string", "pattern": "^(\\d{2}.(\\d{2}|\\d{1}).\\d{1}-(\\d{5}|\\d{4}))$" },
                { "type": "string", "pattern": "^(\\d{2}.\\d{2}.\\d{2}.\\d{2})$" },
                { "type": "string", "pattern": "^(\\d{2}.\\d{3}.\\d{2}.\\d{2})$" },
                { "$ref": "#/definitions/null-string"}
            ]
        },
        "fw-version": {
            "oneOf": [
                { "type": "string", "pattern": "^(\\d{1}.\\d{3}.\\d{2}-\\d{4})?$" },
                { "type": "string", "pattern": "^(\\d{2}.\\d{2}.\\d{2}.\\d{2})?$" },
                { "type": "string", "pattern": "^(\\d{2}.\\d{3}.\\d{2}.\\d{2})?$" },
                { "type": "string", "pattern": "^(\\d{2}.\\d{3}.\\d{2}.\\d{3})?$" }
            ]
        },
        "sbr-version": {
            "oneOf": [
                { "type": "string", "pattern": "^(\\d{1}.\\d{3}.\\d{2}-\\d{4})?$" },
                { "type": "string", "pattern": "^(\\d{1}.\\d{4}.\\d{2}.\\d{4})?$" },
                { "type": "string", "pattern": "^(\\d{2}.\\d{2}.\\d{2}.\\d{2})?$" },
                { "type": "string", "pattern": "^(\\d{2}.\\d{3}.\\d{2}.\\d{2})?$" }
            ]
        },
        "revision-number": {
            "oneOf": [
                { "$ref": "#/definitions/info-not-available" },
                { "type": "string", "pattern": "^[a-zA-Z0-9 ]{1,8}$" },
                { "$ref": "#/definitions/null-string"}
            ]
        },
        "driver-name": {
            "type": "string"
        },
        "driver-version": {
            "oneOf": [
                { "type": "string", "pattern": "^(([0-9]|\\d{2}).(\\d{3}|\\d{4}).\\d{2}.\\d{2})$" },
                { "type": "string", "pattern": "^(([0-9]|\\d{2}).(\\d{3}|\\d{4}).\\d{2}.(\\d{2}-rc\\d{1}))$" }
            ]
        },
        "bus-number": {
            "type": "number",
            "minimum": 0
        },
        "device-number": {
            "type": "number",
            "minimum": 0
        },
        "function-number": {
            "type": "number",
            "minimum": 0
        },
        "domain-id": {
            "type": "number",
            "minimum": 0
        },
        "vendor-id" :{
            "type": "number",
            "minimum": 0
        },
        "device-id" : {
            "type": "number",
            "minimum": 0
        },
        "subvendor-id" :{
            "type": "number",
            "minimum": 0
        },
        "subdevice-id" :{
            "type": "number",
            "minimum": 0
        },
        "personality": {
            "type": "string",
            "enum": ["Undefined", "RAID-Mode ", "HBA-Mode ", "JBOD-Mode ", "SDS-Mode ", "eHBA-MODE" ]
        },
        "host-interface": {
            "oneOf": [
                { "type": "string", "enum": [ "PCI-X", "PCI-E", "iSCSI", "SAS-3G", "UNKNOWN" ] },
                { "type": "string", "enum": [ "PCIX", "PCIE", "iSCSI", "SAS-3G", "UNKNOWN" ] }
            ]
        },
        "device-interface": {
            "type": "string",
            "enum": ["SPI", "SATA-1-5G", "SATA-3G", "SATA-6G", "SAS-3G", "SAS-6G", "SAS-12G", "UNKNOWN" ]
        },
        "nvdata-version" : {
            "oneOf": [
                {"type": "string", "pattern": "^(\\d{2}.\\d{2}.\\d{2}.\\d{2})?$" },
                {"type": "string", "pattern": "^(([0-9]|\\d{2}).\\d{4}.(\\d{2}-\\d{4}))?$"}
            ]
        },
        "controller-number": {
            "type": "number",
            "minimum": 0,
            "maximum": 15
        },
        "bios-version": {
            "oneOf": [
                { "type": "string", "pattern": "^(((\\d{1}|\\d{2}).\\d{2}.\\d{2}.((\\d{1}|\\d{2})_(\\d{1}|\\d{2}).\\d{2}.\\d{2}.(\\d{2}_0x\\d{8})))|((\\d{1}|\\d{2}).\\d{2}.\\d{2}.((\\d{1}|\\d{2})_(0x\\d{8}))))?$" },
                { "type": "string", "pattern": "^((\\d{1}|\\d{2}).(\\d{1}|\\d{2}).(\\d{1}|\\d{2}|\\d{3}).((\\d{1}_([0-9A-Fa-f]{8}))|(\\d{1}_\\d{1}x([0-9A-Fa-f]{8}))))?$" }
            ]
        },
        "controller-status": {
            "type": "string",
            "enum": ["Safe-Mode", "Needs Attention", "Optimal", "Failed", "Unknown", "OK", "Certificate provision Mode"]
        },
        "memory-correctable-errors": {
            "type": "number",
            "minimum": 0
        },
        "memory-uncorrectable-errors": {
            "type": "number",
            "minimum": 0
        },
        "bios-boot-status": {
            "$ref": "#/definitions/boolean-yes-no"
        },
        "chip-revision": {
            "type": "string"
        },
        "battery-fru": {
            "type": "string"
        },
        "port-count": {
            "type": "number",
            "minimum": 0,
            "maximum": 255
        },
        "port-name": { 
            "type": "string" 
        },
        "port-number": {
            "oneOf": [
                { "type": "number" },
                { "type": "string" }
            ]
        },
        "present-absent": {
            "type": "string",
            "enum": [ "Present", "Absent" ]
        },
        "drive-state": {
             "type": "string",
             "enum": [ "UGood", "UBad", "HSP", "Offln", "Onln", "Rbld", "Failed", "Cpybck", "JBOD",
                       "GHS", "DHS", "UGUnsp", "UGShld", "HSPShld", "CFShld", "CBShld", "-", "Offline", "Online", "Missing", "UBUnsp" ] 
        },
        "enc-state": {
            "type": "string",
            "enum": [ "OK", "DC Failed", "AC Failed", "Device is Off", "Over Temperature Failed",
                      "DC Over Current", "DC Under Voltage", "DC Over Voltage", "Non Critical", "Critical", "Unrecoverable", "Missing", 
					  "Unknown", "Not Available", "No access allowed", "INVALID STATUS VALUE", "Fault"]
        },
        "interface": {
            "type": "string",
            "enum": ["Parallel SCSI", "SAS", "SATA", "FC", "NVMe", "Unknown", "-"]
        },
        "speed": {
            "type": "string",
            "enum": [ "0.0Gb/s","0.0Gb/s ","0.0 Gbps", "1.5Gb/s","1.5 Gb/s ", "3.0Gb/s", "3.0 Gb/s ", "1.5 Gbps", "3.0 Gbps", "6.0 Gbps", "6.0 Gb/s", "6.0Gb/s ", "6.0Gb/s", "12.0Gb/s", "12.0 Gbps", "12.0Gb/s ", 
                      "2.5 GTps", "5.0 GTps", "8.0 GTps", "16.0 GTps", "Unknown", "No limit ", "Link Down", "Phy disabled", "N/A", "Not In Range ", "Unknown" ]
        },
        "lane-speed": {
            "type": "string",
            "enum": [ "2.5GT/s", "5.0GT/s","5GT/s","8.0GT/s","8GT/s", "16.0 GT/s","16GT/s", "GT/s", "Unknown", "NA" ] 
        },
        "cachecade-size": {
            "type": "number"
        },
        "fw-cache-size": {
            "type": "number"
        },
        "max-drives-to-spinup-at-one-time": {
            "type": "number",
            "minimum": 0
        },
        "maximum-number-of-direct-attached-drives-to-spin-up-in-1-min": {
            "type": "number",
            "minimum": 0
        },
        "delay-among-spinup-groups": {
            "type": "number",
            "minimum": 0
        },
        "allow-boot-with-preserved-cache": {
            "$ref": "#/definitions/boolean-on-off"
        },
        "smart-mode": {
            "type": "string",
            "enum": ["Mode 6", "Disable", "Mode 2"]
        },
        "un-certified-hard-disk-drives": {
            "type": "string",
            "enum": ["Block", "Allow", "Warn & Allow"]
        },
        "supported-drives": {
            "type": "string",
            "enum": ["SAS", "SAS, SATA", "SATA", "SAS, NVMe", "SAS, SATA, NVMe", "SATA, NVMe", "NVMe", "NONE"]
        },
        "policies": {
            "type": "object",
            "properties": {
                "Policies Table" : { "$ref": "#/definitions/policiesTable" },
                "Flush Time(Default)" : { "type": "string", "pattern": "^(\\d{1}|\\d{2})s?$" },
                "Drive Coercion Mode" : { "type": "string", "enum": ["none", "128MB", "1GB"] },
                "Auto Rebuild" : { "type": "string", "enum": ["On", "Off"] },
                "Battery Warning" : { "type": "string", "enum": ["On", "Off"] },
                "ECC Bucket Size" : { "type": "number", "minimum": 0 },
                "ECC Bucket Leak Rate (hrs)" : { "type": "number", "minimum": 0 },
		"Restore Hot Spare on Insertion": { "type": "string", "enum": ["On", "Off"] },
                "Restore HotSpare on Insertion" : { "type": "string", "enum": ["On", "Off"] },
                "Expose Enclosure Devices" : { "type": "string", "enum": ["On", "Off"] },
                "Maintain PD Fail History" : { "type": "string", "enum": ["On", "Off"] },
                "Reorder Host Requests" : { "type": "string", "enum": ["On", "Off"] },
                "Auto detect BackPlane" : { "type": "string", "enum": [ "SGPIO/i2c SEP", 
                                                                        "disable auto detect SGPIO", 
                                                                        "disable i2c SEP auto detect", 
                                                                        "disable both auto detect"
                                                                    ] },
                "Load Balance Mode" : { "type": "string", "enum": ["Auto", "None"] },
                "Security Key Assigned" : { "type": "string", "enum": ["On", "Off"] },
                "Disable Online Controller Reset" : { "type": "string", "enum": ["On", "Off"] },
                "Use drive activity for locate" : { "type": "string", "enum": ["On", "Off"] }
            }, 
            "additionalProperties": false,
            "required": [   "Policies Table",
                            "Flush Time(Default)",
                            "Drive Coercion Mode",
                            "Auto Rebuild",
                            "Battery Warning",
                            "ECC Bucket Size",
                            "ECC Bucket Leak Rate (hrs)",
                            "Expose Enclosure Devices",
                            "Expose Enclosure Devices",
                            "Maintain PD Fail History",
                            "Reorder Host Requests",
                            "Auto detect BackPlane",
                            "Load Balance Mode",
                            "Security Key Assigned",
                            "Disable Online Controller Reset",
                            "Use drive activity for locate"
                        ]
        },
        "policiesTable": {
            "type": "array",
            "items": { "$ref": "#/definitions/policies-table" },
            "minItems": 1,
            "uniqueItems": true
        }, 
        "policies-table":{
            "type": "object",
            "properties": {
                "Policy": { "type": "string", "enum": [ "Predictive Fail Poll Interval",
                                                        "Interrupt Throttle Active Count",
                                                        "Interrupt Throttle Completion",
                                                         "Rebuild Rate",
                                                         "PR Rate",
                                                         "BGI Rate",
                                                         "Check Consistency Rate",
                                                         "Reconstruction Rate",
                                                         "Cache Flush Interval"
                                                    ] },
                "Current": { "type": "string", "pattern": "^((\\d{1}|\\d{2}|\\d{3}|\\d{4}|\\d{5}|100)( us| ms| sec|s|| %))?$" },
                "Default": { "type": "string", "pattern": "^((\\d{1}|\\d{2}|\\d{3}|100)%)?$"}
            },
            "additionalProperties": false,
            "required": [   "Policy",
                            "Current",
                            "Default"
                        ]
        },
        "driveSyntax": {
            "oneOf": [
                { "type": "string", "pattern": "^(/c(\\d{1}|\\d{2})/e(\\d{1}|\\d{2}|\\d{3})/s(\\d{1}|\\d{2}|\\d{3}))$" },
                { "type": "string", "pattern": "^(/c(\\d{1}|\\d{2})/s(\\d{1}|\\d{2}|\\d{3}))$" },
				{ "type": "string", "pattern": "^(/c(\\d{1}|\\d{2})/e(\\d{1}|\\d{2}|\\d{3})/(sALL))$" },
				{ "type": "string", "pattern": "^(/c(\\d{1}|\\d{2})/e(\\d{1}|\\d{2}|\\d{3}))$" }
            ]
        },
        "writePolicy": {
            "type": "string",
            "enum": [ "WriteBack", "WriteThrough" ]
        },
        "diskCachePolicy": {
            "type": "string",
            "enum": [ "Disk's Default", "Enabled", "Disabled" ]
        },
        "encryption": {
            "type": "string",
            "enum": [ "None", "FDE", "Controller Based" ]
        },
        "dataProtection": {
            "type": "string",
            "enum": [ "None", "Enabled", "Disabled" ]
        },
        "emulationType": {
            "type": "string",
            "enum": [ "None", "default", "512E-force" ]
        },
        "cachebypassSize": {
            "type": "string",
            "enum": [ "Cachebypass-64k", "Cachebypass-128k", "Cachebypass-256k" ]
        },
        "cachebypassMode": {
            "type": "string",
            "enum": ["Cachebypass Intelligent", "Cachebypass Standard", "Cachebypass Enable Custom Mode 1", "Cachebypass Enable Custom Mode 2", "Cachebypass Enable Custom Mode 3", "Cachebypass Disable" ]
        },
        "certalgos": {
            "type": "array",
            "items": { "$ref": "#/definitions/certalgos-list" },
            "minItems": 1,
            "uniqueItems": true
        }, 
        "certalgos-list":{
            "type": "object",
            "properties": {
                "SlotGroup No"  : { "type": "number", "minimum": 0},
                "Base Algorithm": { "type": "string"},
                "Hash Algorithm": { "type": "string"}
            },
            "additionalProperties": false,
            "required": [   "SlotGroup No",
                            "Base Algorithm",
                            "Hash Algorithm"
                        ]
        },
        "measalgos": {
            "type": "array",
            "items": { "$ref": "#/definitions/measalgos-list" },
            "minItems": 1,
            "uniqueItems": true
        }, 
        "measalgos-list":{
            "type": "object",
            "properties": {
                "ID"            : { "type": "number", "minimum": 0},
                "Specification" : { "type": "string", "enum": [ "DMTF", "-" ] },
                "Algorithm"     : { "type": "string"}
            },
            "additionalProperties": false,
            "required": [   "ID",
                            "Specification",
                            "Algorithm"
                        ]
        }
    }
}
