{
    "id": "file:///home/JSON-SCHEMA-FILES/controller-oob-info-schema.json",
    "$schema": "http://json-schema.org/draft-04/schema#",
    "description": "Operations- OOB Info version 0.1",
    
    "type": "object",
    "properties": {
        "Controllers": { "$ref": "#/definitions/controllersArray" } 
    },
    "additionalProperties": false,
    "required": [ "Controllers" ],
    "definitions": {
        "controllersArray" :{
            "type":"array",
            "items": {"$ref": "#/definitions/controllers-array"},
            "minItems": 1,
            "uniqueItems": true
        },
        "controllers-array": {
            "type": "object",
            "properties": {
                "Command Status": { "$ref": "status-schema.json#/definitions/status" },
                "Response Data": { "$ref": "#/definitions/responseData" }
            },
            "additionalProperties": false,
            "required": [ "Command Status" ]
        },
        "responseData":{
				"oneOf": [
					{ "$ref": "#/definitions/responseData1" },
					{ "$ref": "#/definitions/responseData2" }
				]
		},
		"responseData1": {
			"type": "object",
			"properites": {
				"Controller Properties": { "$ref": "#/definitions/controller-properties" }
			},
			"additionalProperties": true,
			"required": [  ]
		},
		"responseData2": {
			"type": "object",
			"properites": {
				"Current OOB Info": { "$ref": "#/definitions/oob-properties" },
				"Default OOB Info": { "$ref": "#/definitions/oob-properties" }
			},
			"additionalProperties": false,
			"required": [ "Prop", " Description" ]
		},
		"controller-properties": {
			"type": "array",
			"items": { "$ref": "#/definitions/controllerProperties" },
			"minItems": 1,
			"uniqueItems": true
		},
        "controllerProperties": {
            "type": "object",
            "properties": {
                "Ctrl_Prop": {"type": "string", "enum": [ "Mode", "MaxPayloadSize", "MaxPacketSize" ]},
                "Value": {
					"oneOf": [
						{ "type": "string", "enum":[ "I2C", "PCIE" ] },
						{ "type": "number", "minimum": 0 }
					]
				}
            },
            "additionalProperties": false,
            "required": ["Ctrl_Prop", "Value"]
        },
		"oob-properties": {
			"type": "object",
			"properties": {
				"Mode": { "type": "string", "enum": [ "Mode", "MaxPayloadSize", "MaxPacketSize" ]}, 
				"MaxPayloadSize": { "type": "number", "minimum": 0 },
				"MaxPacketSize" : { "type": "number", "minimum": 0 }
			}
		}
    }
}
