{
    "id": "file:///home/JSON-SCHEMA-FILES/controller-mux-set-schema.json",
    "$schema": "http://json-schema.org/draft-04/schema#",
    "description": "JBOD show version 0.1",
    
    "type": "object",
    "properties": {
        "Controllers": { "$ref": "#/definitions/controllersArray" } 
    },
    "additionalProperties": false,
    "required": [ "Controllers" ],
    "definitions": {
        "controllersArray" :{
            "type":"array",
            "items": {"$ref": "#/definitions/controllers-array"},
            "minItems": 1,
            "uniqueItems": true
        },
        "controllers-array": {
            "type": "object",
            "properties": {
                "Command Status": { "$ref": "status-schema.json#/definitions/status" },
                "Response Data": { "$ref": "#/definitions/responseData" }
            }, 
            "additionalProperties": false,
            "required": [ "Command Status" ]
        },
        "responseData": {
            "type": "object",
            "properties": {
                "Connector Mode Info": { "$ref": "#/definitions/mux-info" },
				"Mux Info": { "$ref": "#/definitions/mux-info" }
            },
			"additionalProperties": false,
            "required": [{"oneOf": ["Connector Mode Info","Mux Info"]}]
        },
		"mux-info": {
			"type": "array",
			"items": {"$ref": "#/definitions/muxInfo"},
			"minItems": 1,
			"uniqueItems": true
		},
		"muxInfo": {
			"type": "object",
			"properties": {
				"Ctrl":{ "type": "number", "minimum": 0 },
				"Status":{ "$ref": "common-schema.json#/definitions/status-messages" },
				"Description":{ "type": "string" }
			},
			"additionalProperties": false,
			"required":["Ctrl","Status","Description"]
		}		
	}	
}	
		