{
    "id": "file:///home/JSON-SCHEMA-FILES/controller-phy-reset-schema.json",
    "$schema": "http://json-schema.org/draft-04/schema#",
    "description": "Controller Phy reset - version 0.1",
    
    "type": "object",
    "properties": {
        "Controllers": { "$ref": "#/definitions/controllersArray" }
    },
    "additionalProperties": false,
    "required": [ "Controllers" ],
    "definitions": {
        "controllersArray" :{
            "type":"array",
            "items": { "$ref": "#/definitions/controllers-phys" },
            "minItems": 1,
            "uniqueItems": true
        },
        "controllers-phys": {
            "type": "object", 
            "properties": {
                "Command Status": { "$ref": "status-schema.json#/definitions/status" }
            },
            "additionalProperties": false,
            "required": [ "Command Status" ]
        }
    }
}