{
    "id": "file:///home/JSON-SCHEMA-FILES/controller-IT-get-properties-schema.json",
    "$schema": "http://json-schema.org/draft-04/schema#",
    "title": "Operation",
    "description": "Operations- Get properties version 0.1",
    
    "type": "object",
    "properties": {
        "Controllers": { "$ref": "#/definitions/controllersArray" } 
    },
    "additionalProperties": false,
    "required": [ "Controllers" ],
    "definitions": {
        "controllersArray" :{
            "type":"array",
            "items": {"$ref": "#/definitions/controllers-array"},
            "minItems": 1,
            "uniqueItems": true
        },
        "controllers-array": {
            "type": "object",
            "properties": {
                "Command Status": { "$ref": "#/definitions/general-status" }
            },
            "additionalProperties": false,
            "required": [ "Command Status" ]
        },
        "general-status": {
            "type": "object",
            "properties": {
                "Controller": { "type": "number", "minimum": 0, "maximum": 31 },
                "Status": { "$ref" : "common-schema.json#/definitions/status-messages" },
                "Description": { "type": "string" }
            }
        }
    }
}