{
    "id": "file:///home/JSON-SCHEMA-FILES/controller-termlog-schema.json",
    "$schema": "http://json-schema.org/draft-04/schema#",
    "description": "Operations- Termlog version 0.1",
    
    "type": "object",
    "properties": {
        "Controllers": { "$ref": "#/definitions/controllersArray" } 
    },
    "additionalProperties": false,
    "required": [ "Controllers" ],
    "definitions": {
        "controllersArray" :{
            "type":"array",
            "items": {"$ref": "#/definitions/controllers-array"},
            "minItems": 1,
            "uniqueItems": true
        },
        "controllers-array": {
            "type": "object",
            "properties": {
                "Command Status": { "$ref": "status-schema.json#/definitions/status" },
                "Response Data": { "$ref": "#/definitions/responseData" }
            },
            "additionalProperties": false,
            "required": [ "Command Status" ]
        },
        "responseData":{
            "type": "object",
            "properties": {
                "Controller Properties": {"$ref": "#/definitions/controller-properties"}
            },
            "additionalProperties": false,
            "required": ["Controller Properties"]
        },
        "controller-properties": {
            "type": "array",
            "items": {"$ref": "#/definitions/controllerProperties"},
            "minItems": 1,
            "uniqueItems": true
        },
        "controllerProperties": {
            "type": "object",
            "properties": {
                "Ctrl": {"type": "number", "minimum": 0 },
                "Method": { "type": "string", "enum": [ "Set", "Delete" ] },
				"Result": { 
					"oneOf": [
						{ "$ref": "common-schema.json#/definitions/status-messages" },
						{ "type": "string", "enum": [ "Battery, set to OFF for TTY history", "Battery, set to ON for TTY history", 
													  "Battery, Set to temporarily off for this boot",
													  "Battery, set to OFF for TTY history, Reboot required",
													  "Battery, set to ON for TTY history, Reboot required",
													  "Battery, Set to temporarily off for this boot, Reboot required",
													  "Termlog deleted"
													]}
					]
				},
				"ErrMsg": { "$ref": "status-schema.json#/definitions/errmsg" },
				"ErrCd": { "$ref": "status-schema.json#/definitions/errcode" }
            },
            "additionalProperties": false,
            "required": [ "Ctrl", "Method", "Result" ]
        }
    }
}