{
    "id": "file:///home/JSON-SCHEMA-FILES/controller-freespace-schema.json",
    "$schema": "http://json-schema.org/draft-04/schema#",
    "description": "Operations- Free Space version 0.1",
    
    "type": "object",
    "properties": {
        "Controllers": { "$ref": "#/definitions/controllersArray" } 
    },
    "additionalProperties": false,
    "required": [ "Controllers" ],
    "definitions": {
        "controllersArray" :{
            "type":"array",
            "items": {"$ref": "#/definitions/controllers-array"},
            "minItems": 1,
            "uniqueItems": true
        },
        "controllers-array": {
            "type": "object",
            "properties": {
                "Command Status": { "$ref": "status-schema.json#/definitions/status" },
                "Response Data": { "$ref": "#/definitions/responseData" }
            },
            "additionalProperties": false,
            "required": [ "Command Status" ]
        },
        "responseData":{
            "type": "object",
            "properties": {
                "Response Data": {"$ref": "#/definitions/responseData1"}
            },
            "additionalProperties": false,
            "required": ["Response Data"]
        },
        "responseData1": {
            "type": "object",
            "properties": {
                "FREE SPACE DETAILS": { "$ref": "#/definitions/free-space-details" },
                "Total Slot Count": { "type": "number", "minimum": 0 }
            },
            "additionalProperties": false,
            "required": [ "Total Slot Count" ]
        }, 
        "free-space-details": {
            "type": "array", 
            "items": { "$ref": "#/definitions/freeSpaceDetails" }, 
            "minItems": 1,
            "uniqueItems": true
        }, 
        "freeSpaceDetails": {
            "type": "object",
            "properties": {
                "ID": { "type": "number", "minimum": 1 }, 
                "DG": { "type": "number", "minimum": 0 },
                "AftrVD": { "type": "number", "minimum": 0 },
                "Size": { "$ref": "common-schema.json#/definitions/size" }
            }, 
            "additionalProperties": false,
            "required": [ "ID", "DG", "AftrVD", "Size" ]
        }
    }
}