{
    "id": "file:///home/JSON-SCHEMA-FILES/controller-show-failednvmedevices-schema.json",
    "schema": "http://json-schema.org/draft-01/schema#",
    "description": "Failed NVMe Device Information (SHOW) - version 0.2",

    "type": "object",
    "properties": {
        "Controllers": { "$ref": "#/definitions/controllersArray" }
    },
    "additionalProperties": false,
    "required": [ "Controllers" ],
    "definitions": {
        "controllersArray": {
            "type": "array",
            "items": { "$ref": "#/definitions/controllers-array" },
            "minItems": 1,
            "uniqueItems": true
        },
        "controllers-array": {
            "type":"object",
            "properties": {
            "Command Status": { "$ref": "status-schema.json#/definitions/status" },
            "Response Data": { "$ref": "#/definitions/responseData" }
            },
            "additionalProperties": false,
            "required": [ "Command Status" ]
        },
        "responseData": {
            "type": "object",
            "properties": {
                "Failed NVMe Devices": { "$ref": "#/definitions/NVMe-drive-list" }
            },
            "additionalProperties": false,
            "required": [ "Failed NVMe Devices" ]
        },
        "NVMe-drive-list": {
            "type": "array",
            "items": { "$ref": "#/definitions/driveList" },
            "minItems": 1,
            "uniqueItems": true
        },
        "driveList": {
            "type": "object",
            "properties": {
                "EID:Slt" : {"type": "string", "pattern": "^(((\\d{1}|\\d{2}|\\d{3}):(\\d{1}|\\d{2}|\\d{3}))|-)$"},
                "Correctable"      : {"type": "string", "enum": ["Yes", "No"]},
                "RepInProg"      : {"type": "string", "enum": ["Yes", "No"]},
                "Error" : {"type": "string"}
            }, 
            "additionalProperties": false,
            "required": [ "EID:Slt",
                          "Correctable",
                          "RepInProg",
                          "Error"
            ]
        }
    }
}