{
    "id": "file:///home/JSON-SCHEMA-FILES/controller-preservedcache-schema.json",
    "$schema": "http://json-schema.org/draft-04/schema#",
    "description": "Operations- Preserved Cache version 0.1",
    
    "type": "object",
    "properties": {
        "Controllers": { "$ref": "#/definitions/controllersArray" } 
    },
    "additionalProperties": false,
    "required": [ "Controllers" ],
    "definitions": {
        "controllersArray" :{
            "type":"array",
            "items": {"$ref": "#/definitions/controllers-array"},
            "minItems": 1,
            "uniqueItems": true
        },
        "controllers-array": {
            "type": "object",
            "properties": {
                "Command Status": { "$ref": "status-schema.json#/definitions/status" },
                "Response Data": { "$ref": "#/definitions/responseData" }
            },
            "additionalProperties": false,
            "required": [ "Command Status" ]
        },
        "responseData":{
            "type": "array", 
            "items": { "$ref": "#/definitions/responseDataValues" }, 
            "minItems": 1, 
            "uniqueItems": true
        },
        "responseDataValues": {
            "oneOf": [
                { "$ref": "#/definitions/vd" },
                { "$ref": "#/definitions/vd-epd" }
            ]
        }, 
        "vd": {
            "type": "object", 
            "properties": {
                "VD": { "type": "number", "minimum": 0, "maximum": 255 },
                "Size": { "$ref": "common-schema.json#/definitions/size" }, 
                "State": { "$ref": "common-schema.json#/definitions/drive-state" }
            }, 
            "additionalProperties": false, 
            "required": [ "VD", "State" ]
        }, 
        "vd-epd": {
            "type": "object", 
            "properties": {
                "VD/EPD": { "type": "number", "minimum": 0, "maximum": 255 },
                "Size": { "$ref": "common-schema.json#/definitions/size" }, 
                "State": { "$ref": "common-schema.json#/definitions/drive-state" }
            }, 
            "additionalProperties": false, 
            "required": [ "VD/EPD", "State" ]
        }
    }
}