{
    "id": "file:///home/JSON-SCHEMA-FILES/controller-patrolread-set-schema.json",
    "$schema": "http://json-schema.org/draft-04/schema#",
    "description": "Operations- Patrol Read Set version 0.2",
    
    "type": "object",
    "properties": {
        "Controllers": { "$ref": "#/definitions/controllersArray" } 
    },
    "additionalProperties": false,
    "required": [ "Controllers" ],
    "definitions": {
        "controllersArray" :{
            "type":"array",
            "items": {"$ref": "#/definitions/controllers-array"},
            "minItems": 1,
            "uniqueItems": true
        },
        "controllers-array": {
            "type": "object",
            "properties": {
                "Command Status": { "$ref": "status-schema.json#/definitions/status" },
                "Response Data": { "$ref": "#/definitions/responseData" }
            },
            "additionalProperties": false,
            "required": [ "Command Status" ]
        },
        "responseData":{
            "type": "object",
            "properties": {
                "Controller Properties": {"$ref": "#/definitions/controller-properties"}
            },
            "additionalProperties": false,
            "required": ["Controller Properties"]
        },
        "controller-properties": {
            "type": "array",
            "items": {"$ref": "#/definitions/controllerProperties"},
            "minItems": 1,
            "uniqueItems": true
        },
        "controllerProperties": {
            "type": "object",
            "properties": {
                "Ctrl_Prop": {"type": "string", "enum": [ "Patrol Read Mode", "patrolread mode", "PR IncludeSSDs", "PR IncludeEPDs", "PR UnCfgAreas", "PR MaxConcurrentPd", "PR Starttime", "PR delay" , "PR ExcludeVD", "PR ExcludeVD(None)"]},
                "Value": { 
                    "oneof": [
                        { "$ref": "common-schema.json#/definitions/boolean-on-off" },
                        { "$ref": "common-schema.json#/definitions/number-as-string" },
						{ "$ref": "common-schema.json#/definitions/date-time" },
                        { "type": "string", "enum": ["auto", "manual", "ONLYMIXED"]}
                    ]
                }
            },
            "additionalProperties": false,
            "required": ["Ctrl_Prop", "Value"]
        }
    }
}