{
    "id": "file:///home/JSON-SCHEMA-FILES/controller-ds-schema.json",
    "$schema": "http://json-schema.org/draft-04/schema#",
    "description": "Operations- DS version 0.2",
    
    "type": "object",
    "properties": {
        "Controllers": { "$ref": "#/definitions/controllersArray" } 
    },
    "additionalProperties": false,
    "required": [ "Controllers" ],
    "definitions": {
        "controllersArray" :{
            "type":"array",
            "items": {"$ref": "#/definitions/controllers-array"},
            "minItems": 1,
            "uniqueItems": true
        },
        "controllers-array": {
            "type": "object",
            "properties": {
                "Command Status": { "$ref": "status-schema.json#/definitions/status" },
                "Response Data": { "$ref": "#/definitions/responseData" }
            },
            "additionalProperties": false,
            "required": [ "Command Status" ]
        },
        "responseData":{
            "type": "object",
            "properties": {
                "Controller Properties": {"$ref": "#/definitions/controllerProperties"}
            },
            "additionalProperties": false,
            "required": ["Controller Properties"]
        },
        "controllerProperties": {
            "type": "array",
            "items": {"$ref": "#/definitions/controller-properties"},
            "minItems": 1,
            "uniqueItems": true,
            "additionalItems": false 
        },
        "controller-properties": {
            "type": "object",
            "patternProperties": {
                "^(Ctrl_Prop)$": { "type": "string", "pattern": "^((SpnDwnUncDrv)|(SpnDwnHS)|(SpnDwnCfgDrv)|(SpnDwnTm)|(DefaultLdPSPolicy)|(DsblLdPsInterval)|(DsblLdPsTime)|(DsblPwStt)|(spinUpEncDrvCnt))$" },
                "^(Value)$": {
                    "oneOf": [
                        { "$ref": "common-schema.json#/definitions/enable-disable" },
                        { "$ref": "common-schema.json#/definitions/date-time" },
                        { "type": "string", "enum": [ "Automatic", "Maximum", "Maximum without caching", "None", "Controller Defined" ] },
                        { "type": "string", "enum": [ "All power saving options are disabled!!", "All power saving options are enabled", "Don't auto spin down configured drives is set", "Don't auto spin down Hotspare drives is set", "Don't auto spin down unconfigured drives is set", "-" ] }
                    ]
                }
            },
            "additionalProperties": false,
            "uniqueProperties": true
        }
    }
}