{
    "id": "file:///home/JSON-SCHEMA-FILES/controller-firmwaredebug-schema.json",
    "$schema": "http://json-schema.org/draft-04/schema#",
    "description": "Operations- Firmware Debug version 0.1",
    
    "type": "object",
    "properties": {
        "Controllers": { "$ref": "#/definitions/controllersArray" } 
    },
    "additionalProperties": false,
    "required": [ "Controllers" ],
    "definitions": {
        "controllersArray" :{
            "type":"array",
            "items": {"$ref": "#/definitions/controllers-array"},
            "minItems": 1,
            "uniqueItems": true
        },
        "controllers-array": {
            "type": "object",
            "properties": {
                "Command Status": { "$ref": "status-schema.json#/definitions/status" },
                "Response Data": { "$ref": "#/definitions/responseData" }
            },
            "additionalProperties": false,
            "required": [ "Command Status" ]
        },
        "responseData":{
            "type": "object",
            "properties": {
                "Controller Properties": {"$ref": "#/definitions/controller-properties"}
            },
            "additionalProperties": false,
            "required": ["Controller Properties"]
        },
        "controller-properties": {
            "type": "array",
            "items": {"$ref": "#/definitions/controllerProperties"},
            "minItems": 1,
            "uniqueItems": true
        },
        "controllerProperties": {
			"oneOf": [
				{ "$ref": "#/definitions/controller-properties-1" },
				{ "$ref": "#/definitions/controller-properties-2" }
			]
        }, 
		"controller-properties-1": {
            "type": "object",
            "properties": {
                "Ctrl":        { "type": "number", "minimum": 0 },
                "Status":      { "type": "string" },
				"Description": { "type": "string", "enum": [  "Invalid Input Parameter"] }
            },
            "additionalProperties": false,
            "required": [ "Ctrl", "Status" ]
		}, 
		"controller-properties-2": {
            "type": "object",
            "properties": {
                "Ctrl_Prop": { "type": "string", "enum": [ "FW Debug Option" ]},
                "Value": { "type": "string", "enum": [ "SET", "RESET", "CLEAR", "DUMP", "FW Debug Option" ] }
            },
            "additionalProperties": false,
            "required": ["Ctrl_Prop", "Value"]
		}
    }
}