{
    "id": "file:///home/JSON-SCHEMA-FILES/controller-firmwaredeviceorder-schema.json",
    "$schema": "http://json-schema.org/draft-04/schema#",
    "description": "Operations- Firmware based device re-ordering 0.1",
    
    "type": "object",
    "properties": {
        "Controllers": { "$ref": "#/definitions/controllersArray" } 
    },
    "additionalProperties": false,
    "required": [ "Controllers" ],
    "definitions": {
        "controllersArray" :{
            "type":"array",
            "items": {"$ref": "#/definitions/controllers-array"},
            "minItems": 1,
            "uniqueItems": true
        },
        "controllers-array": {
            "type": "object",
            "properties": {
                "Command Status": { "$ref": "status-schema.json#/definitions/status" },
                "Response Data": { "$ref": "#/definitions/responseData" }
            },
            "additionalProperties": false,
            "required": [ "Command Status" ]
        },
        "responseData":{
            "type": "object",
            "properties": {
                "Controller Properties": {"$ref": "#/definitions/controller-properties"}
            },
            "additionalProperties": false,
            "required": ["Controller Properties"]
        },
        "controller-properties": {
            "type": "array",
            "items": {"$ref": "#/definitions/controllerProperties"},
            "minItems": 1,
            "uniqueItems": true
        },
        "controllerProperties": {
            "type": "object",
            "properties": {
				"Ctrl" : { "type": "number", "minimum": 0 },
				"Status": {"type": "string", "enum": [ "Failed" ] },
                "Ctrl_Prop": {"type": "string", "enum": [ "Firmware based device ordering" ]},
                "Value": { "type": "string", "enum": [ "ON", "OFF", "Controller does not support enable/disable of firmware based device ordering",
													   "Setting firmware based ordering failed" ] },
				"ErrMsg": { "type": "string" },
				"ErrCd": { "type": "number", "minimum": 0 }
            },
            "additionalProperties": false,
            "required": ["Ctrl_Prop", "Value"]
        }
    }
}