{
    "id": "file:///home/JSON-SCHEMA-FILES/controller-pdfaileventoptions-schema.json",
    "$schema": "http://json-schema.org/draft-04/schema#",
    "description": "Operations- PD Fail Event Options version 0.1",
    
    "type": "object",
    "properties": {
        "Controllers": { "$ref": "#/definitions/controllersArray" } 
    },
    "additionalProperties": false,
    "required": [ "Controllers" ],
    "definitions": {
        "controllersArray" :{
            "type":"array",
            "items": {"$ref": "#/definitions/controllers-array"},
            "minItems": 1,
            "uniqueItems": true
        },
        "controllers-array": {
            "type": "object",
            "properties": {
                "Command Status": { "$ref": "status-schema.json#/definitions/status" },
                "Response Data": { "$ref": "#/definitions/responseData" }
            },
            "additionalProperties": false,
            "required": [ "Command Status" ]
        },
        "responseData":{
            "type": "object",
            "properties": {
                "Controller Properties": {"$ref": "#/definitions/controller-properties"}
            },
            "additionalProperties": false,
            "required": ["Controller Properties"]
        },
        "controller-properties": {
            "type": "array",
            "items": {"$ref": "#/definitions/controllerProperties"},
            "minItems": 1,
            "uniqueItems": true
        },
        "controllerProperties": {
            "type": "object",
            "properties": {
                "Ctrl_Prop": {"type": "string", "enum": [ "Drive Detection Type", "Drive Corrective Action", "Drive Error Threshold"]},
                "Value": {
					"oneOf": [
						{ "type": "string", "enum":["Disabled", "Enabled, High latency is OK", "Enabled, High latency is Not OK", "Enabled, Use NVDATA value",
                                                    "Only Log Events", "Take Corrective Action",
                                                    "Every 8 Hours", "Every 1 Hours", "Every 15 minutes", "Every 5 minutes"] },
						{ "$ref": "common-schema.json#/definitions/number-as-string" }
					]
				}
            },
            "additionalProperties": false,
            "required": ["Ctrl_Prop", "Value"]
        }
    }
}