{
    "id": "file:///home/JSON-SCHEMA-FILES/controller-htbparams-schema.json",
    "$schema": "http://json-schema.org/draft-04/schema#",
    "description": "Operations- Host Trace Buffer params Support version 0.1",
    
    "type": "object",
    "properties": {
        "Controllers": { "$ref": "#/definitions/controllersArray" } 
    },
    "additionalProperties": false,
    "required": [ "Controllers" ],
    "definitions": {
        "controllersArray" :{
            "type":"array",
            "items": {"$ref": "#/definitions/controllers-array"},
            "minItems": 1,
            "uniqueItems": true
        },
        "controllers-array": {
            "type": "object",
            "properties": {
                "Command Status": { "$ref": "status-schema.json#/definitions/status" },
                "Response Data": { "$ref": "#/definitions/responseData" }
            },
            "additionalProperties": false,
            "required": [ "Command Status" ]
        },
        "responseData":{
            "type": "object",
            "properties": {
                "Controller Properties": {"$ref": "#/definitions/htb-properties"}
            },
            "additionalProperties": false,
            "required": ["Controller Properties"]
        },
        "htb-properties": {
            "type": "array",
            "items": {"$ref": "#/definitions/HtbProperties"},
            "minItems": 1,
            "uniqueItems": true
        },
        "HtbProperties": {
            "type": "object",
            "properties": {
                "Ctrl_Prop": {"type": "string", "enum": [ "Host Trace Buffer", "Host Trace Buffer Maximum Size", "Host Trace Buffer Minimum Size", "Host Trace Buffer Decrement Size" ]},
                "Value": { "type": "string" }
            },
            "additionalProperties": false,
            "required": ["Ctrl_Prop", "Value"]
        }
    }
}