{
    "id": "file:///home/JSON-SCHEMA-FILES/controller-ASO-schema.json",
    "$schema": "http://json-schema.org/draft-04/schema#",
    "title": "ASO",
    "description": "Advanced Software Option(ASO)(SHOW)- version 0.2",
    
    "type": "object",
    "properties": {
        "Controllers": { "$ref": "#/definitions/controllersArray" }
        },
        "additionalProperties": false,
        "required": [ "Controllers" ],
        "definitions": {
            "controllersArray" :{
                "type": "array",
                "items": { "$ref": "#/definitions/controllers-array" },
                "minItems": 1,
                "uniqueItems": true
            },
            "controllers-array": {
                "type":"object",
                "properties": {
                    "Command Status": { "$ref": "status-schema.json#/definitions/status" },
                    "Response Data": { "$ref": "#/definitions/responseData" }
                        },
                        "additionalProperties": false,
                        "required": [ "Command Status" ]
            },
            "responseData":{
				"oneOf": [
					{ "$ref": "#/definitions/responseData1" },
					{ "$ref": "#/definitions/responseData2" }
				]
            },
			"responseData1": {
                "type": "object",
                "properites": {
                    "Premium Feature Key" : { "$ref": "#/definitions/premium-feature-key" },
					"Re-host Information" : { "$ref": "#/definitions/rehost-info" }
                },
                "additionalProperties": true,
                "required": [ "Premium Feature Key" ]
			},
			"responseData2": {
				"type": "object",
				"properites": {
					"Prop": { "type": "string", "enum": [ "NVRAM", "TransferToVault", "DeactivateTrialKey", "Re-hosting", "ApplyKey" ] }, 
					" Description": { "type": "string" }
				},
				"additionalProperties": false,
				"required": [ "Prop", " Description" ]
			},
            "premium-feature-key": {
                "type": "array",
                "items": { "$ref": "#/definitions/advancedSoftwareOperations" },
                "minItems": 1,
                "uniqueItems": true
            },
            "advancedSoftwareOperations": {
                "type": "object",
                "properties": {
                    "Adv S/W Opt": { "type": "string", "enum": [ "MegaRAID FastPath",
                                                                 "MegaRAID Recovery",
                                                                 "MegaRAID CacheCade 2.0",
                                                                 "MegaRAID CacheCade Pro 2.0",
                                                                 "MegaRAID SafeStore",
                                                                 "MegaRAID RAID6",
                                                                 "MegaRAID RAID5",
                                                                 "Cache Offload",
                                                                 "HA-DAS :2",
                                                                 "SSHA"
                                                               ] 
                    },
                    "Time Remaining": {
                        "oneOf": [
                            {"type" : "string", "enum" : [ "Unlimited", "Feature will deactivate on restart", "Unlimited (Unsupported)" ] },
                            {"type" : "string", "pattern": "^((\\d{1}|\\d{2}) days (\\d{1}|\\d{2}|\\d{3}) hours )$"}
                        ]
                    },
                    "Mode": { "type": "string", "enum": [ " Secured (Unsupported)",
                                                          " Secured",
                                                          " Not Secured (Unsupported)",
                                                          " Not Secured",
                                                          " Factory Installed (Unsupported)",
                                                          " Factory Installed",
                                                          " Trial (Unsupported)",
                                                          " Trial",
														  " -"
                                                        ] 
                    }
                }
         },
		"rehost-info": {
			"type": "object",
			"properites": {
				"Needs Re-hosting" : {"type": "string", "enum": [ "NO", "YES" ]}
			},
			"additionalProperties": false,
			"required": [ "Prop", " Description" ]
		}
    }
}
