{
    "id": "file:///home/JSON-SCHEMA-FILES/controller-backplane-schema.json",
    "$schema": "http://json-schema.org/draft-04/schema#",
    "description": "Operations- Back Plane version 0.1",
    
    "type": "object",
    "properties": {
        "Controllers": { "$ref": "#/definitions/controllersArray" } 
    },
    "additionalProperties": false,
    "required": [ "Controllers" ],
    "definitions": {
        "controllersArray" :{
            "type":"array",
            "items": {"$ref": "#/definitions/controllers-array"},
            "minItems": 1,
            "uniqueItems": true
        },
        "controllers-array": {
            "type": "object",
            "properties": {
                "Command Status": { "$ref": "status-schema.json#/definitions/status" },
                "Response Data": { "$ref": "#/definitions/responseData" }
            },
            "additionalProperties": false,
            "required": [ "Command Status" ]
        },
        "responseData":{
            "type": "object",
            "properties": {
                "Controller Properties": {"$ref": "#/definitions/controller-properties"}
            },
            "additionalProperties": false,
            "required": ["Controller Properties"]
        },
        "controller-properties": {
            "type": "array",
            "items": {"$ref": "#/definitions/controllerProperties"},
            "minItems": 1,
            "uniqueItems": true
        },
        "controllerProperties": {
            "type": "object",
            "properties": {
                "Ctrl_Prop": {"type": "string", "enum": [ "Expose Backplane", "BackPlaneState", "ExposeEnclDevice" ]},
                "Value": { 
                    "oneof": [
                        { "$ref": "common-schema.json#/definitions/boolean-on-off" },
                        { "type": "string", "enum": ["auto detect logic of backplanes like SGPIO & i2c SEP",
                                                     "disable auto detect SGPIO",
                                                     "disable i2c SEP auto detect",
                                                     "disable both auto detect"]}
                    ]
                }
            },
            "additionalProperties": false,
            "required": ["Ctrl_Prop", "Value"]
        }
    }
}