{
    "id": "file:///home/JSON-SCHEMA-FILES/controller-profile-schema.json",
    "$schema": "http://json-schema.org/draft-04/schema#",
    "description": "Operations- Profile version 0.1",
    
    "type": "object",
    "properties": {
        "Controllers": { "$ref": "#/definitions/controllersArray" } 
    },
    "additionalProperties": false,
    "required": [ "Controllers" ],
    "definitions": {
        "controllersArray" :{
            "type":"array",
            "items": {"$ref": "#/definitions/controllers-array"},
            "minItems": 1,
            "uniqueItems": true
        },
        "controllers-array": {
            "type": "object",
            "properties": {
                "Command Status": { "$ref": "status-schema.json#/definitions/status" },
                "Response Data": { "$ref": "#/definitions/responseData" }
            },
            "additionalProperties": false,
            "required": [ "Command Status" ]
        },
        "responseData":{
            "type": "object",
            "properties": {
                "Controller Properties": {"$ref": "#/definitions/controller-properties"}
            },
            "additionalProperties": false,
            "required": ["Controller Properties"]
        },
        "controller-properties": {
            "type": "array",
            "items": {"$ref": "#/definitions/controllerProperties"},
            "minItems": 1,
            "uniqueItems": true
        },
        "controllerProperties": {
            "type": "object",
            "properties": {
                "Mode" : { "type": "string", "enum": [ "RAID", "HBA", "JBOD", "SDS", "Undefined" ] },
                "ProfID" : { "type": "string", "pattern": "^(\\d{1}|\\d{2}|\\d{3})$"},
                "MaxPhyDrv" : { "type": "number", "minimum": 0, "maximum": 256 },
                "MaxLD" : { "type": "number", "minimum": 0, "maximum": 256 },
                "MaxPCIeDev" : { "type": "number", "minimum": 0 },
                "MaxAHCIDev" : { "type": "number", "minimum": 0 },
                "Dflt" : { "$ref": "common-schema.json#/definitions/boolean-yes-no" },
                "Curr" : { "$ref": "common-schema.json#/definitions/boolean-yes-no" },
                "Optm" : { "$ref": "common-schema.json#/definitions/boolean-yes-no" },
                "Pend" : { "$ref": "common-schema.json#/definitions/boolean-yes-no" },
                "WBSup" : { "$ref": "common-schema.json#/definitions/boolean-yes-no" },
                "Cmp" : { "$ref": "common-schema.json#/definitions/boolean-yes-no" }
            },
            "additionalProperties": false,
            "required": [ "Mode", "ProfID", "MaxPhyDrv", "MaxLD", "MaxPCIeDev", "MaxAHCIDev", "Dflt", "Curr", "Optm", "Pend" ]
        }
    }
}