{
    "id": "file:///home/JSON-SCHEMA-FILES/controller-detailed-properties-schema.json",
    "$schema": "http://json-schema.org/draft-04/schema#",
    "title": "Controller Show All",
    "description": "Detailed controller properties (SHOW) - version 0.1",
    
    "type": "object",
    "properties": {
        "Controllers": { "$ref": "#/definitions/controllersArray" }
    },
    "additionalProperties": false,
    "required": [ "Controllers" ],
    "definitions": {
        "controllersArray" :{
            "type":"array",
            "items": {
                "oneOf": [
                    { "$ref": "#/definitions/mr-controllers-array" },
                    { "$ref": "#/definitions/it-controllers-array" }
                ]
            },
            "minItems": 1,
            "uniqueItems": true
        },
        "mr-controllers-array": {
            "type": "object",
            "properties": {
                "Command Status": { "$ref": "status-schema.json#/definitions/status" },
                "Response Data": { "$ref": "mr-controller-detailed-schema.json#/definitions/mr-controller-properties" }
            },
            "additionalProperties": false,
            "required": [ "Command Status" ]
        },
        "it-controllers-array": {
            "type": "object",
            "properties": {
                "Command Status": { "$ref": "status-schema.json#/definitions/status" },
                "Response Data": { "$ref": "it-controller-detailed-schema.json#/definitions/it-controller-properties" }
            },
            "additionalProperties": false,
            "required": [ "Command Status" ]
        }
    }
}