{
    "id": "file:///home/JSON-SCHEMA-FILES/controller-rehostinfo-schema.json",
    "$schema": "http://json-schema.org/draft-04/schema#",
    "description": "Operations- SafeID version 0.1",
    
    "type": "object",
    "properties": {
        "Controllers": { "$ref": "#/definitions/controllersArray" } 
    },
    "additionalProperties": false,
    "required": [ "Controllers" ],
    "definitions": {
        "controllersArray" :{
            "type":"array",
            "items": {"$ref": "#/definitions/controllers-array"},
            "minItems": 1,
            "uniqueItems": true
        },
        "controllers-array": {
            "type": "object",
            "properties": {
                "Command Status": { "$ref": "status-schema.json#/definitions/status" },
                "Response Data": { "$ref": "#/definitions/responseData" }
            },
            "additionalProperties": false,
            "required": [ "Command Status" ]
        },
        "responseData":{
            "type": "object",
            "properties": {
                "Premium Feature Key": {"$ref": "#/definitions/premium-feature-key"}
            },
            "additionalProperties": false,
            "required": ["Premium Feature Key"]
        },
        "premium-feature-key": {
            "type": "array",
            "items": {"$ref": "#/definitions/premiumFeatureKey"},
            "minItems": 1,
            "uniqueItems": true
        },
        "premiumFeatureKey": {
            "type": "object",
            "properties": {
                "Prop": {"type": "string", "enum": [ "Needs_Re-hosting" ] },
                " Description": { "$ref": "common-schema.json#/definitions/boolean-yes-no" }
            },
            "additionalProperties": false,
            "required": [ "Prop", " Description" ]
        }
    }
}