{
    "id": "file:///home/JSON-SCHEMA-FILES/controller-perfmode-schema.json",
    "$schema": "http://json-schema.org/draft-04/schema#",
    "description": "Operations- Perfmode version 0.1",
    
    "type": "object",
    "properties": {
        "Controllers": { "$ref": "#/definitions/controllersArray" } 
    },
    "additionalProperties": false,
    "required": [ "Controllers" ],
    "definitions": {
        "controllersArray" :{
            "type":"array",
            "items": {"$ref": "#/definitions/controllers-array"},
            "minItems": 1,
            "uniqueItems": true
        },
        "controllers-array": {
            "type": "object",
            "properties": {
                "Command Status": { "$ref": "status-schema.json#/definitions/status" },
                "Response Data": { "$ref": "#/definitions/responseData" }
            },
            "additionalProperties": false,
            "required": [ "Command Status" ]
        },
        "responseData":{
            "type": "object",
            "properties": {
                "Controller Properties": {"$ref": "#/definitions/controller-properties"}
            },
            "additionalProperties": false,
            "required": ["Controller Properties"]
        },
        "controller-properties": {
            "type": "array",
            "items": {"$ref": "#/definitions/controllerProperties"},
            "minItems": 1,
            "uniqueItems": true
        },
        "controllerProperties": {
            "type": "object",
            "properties": {
                "Ctrl_Prop": {"type": "string", "enum": [ "Perf Mode", "Max Flush Lines", "Number of Order IOs" ]},
                "Value": {
                    "oneOf": [
                        { "type": "string", "enum": [ "0 - tuned to provide Best IOPS", "1 - tuned to provide Least Latency", "FW doesn't support Perf Tuning" ] },
                        { "$ref": "common-schema.json#/definitions/number-as-string"}
                    ]
                }
            },
            "additionalProperties": false,
            "required": ["Ctrl_Prop", "Value"]
        }
    }
}