{
    "id": "file:///home/JSON-SCHEMA-FILES/drive-set-errorcounters-schema.json",
    "$schema": "http://json-schema.org/draft-04/schema#",
    "title": "Delete Operation",
    "description": "Operations- version 0.1",
    
    "type": "object",
    "properties": {
        "Controllers": { "$ref": "#/definitions/controllersArray" } 
    },
    "additionalProperties": false,
    "required": [ "Controllers" ],
    "definitions": {
        "controllersArray" :{
        "type":"array",
        "items": {"$ref": "#/definitions/controllers-array"},
        "minItems": 1,
        "uniqueItems": true
        },
        "controllers-array": {
            "type": "object",
            "properties": {
                "Command Status": { "$ref": "status-schema.json#/definitions/status" }
            },
            "additionalProperties": false,
            "required": [ "Command Status" ]
        }
    }
}

