{
    "id": "file:///home/JSON-SCHEMA-FILES/drive-download-status-schema.json",
    "$schema": "http://json-schema.org/draft-04/schema#",
    "description": "Drive download status version 0.1",
    
    "type": "object",
    "properties": {
        "Controllers": {"$ref": "#/definitions/controllersArray"} 
    },
    "additionalProperties": false,
    "required": [ "Controllers" ],
    "definitions": {
        "controllersArray" :{
        "type":"array",
        "items": {"$ref": "#/definitions/controllers-array"},
        "minItems": 1,
        "uniqueItems": true
        },
        "controllers-array": {
            "type": "object",
            "properties": {
            "Command Status": {"$ref": "status-schema.json#/definitions/status"},
            "Response Data": { "$ref": "#/definitions/responseData" }
        }, 
        "additionalProperties": false,
        "required": [ "Command Status" ]
        },
        "responseData": {
            "type": "array",
            "items": { "$ref":"#definitions/driveFwDownloadStatus"},
            "minItems":1,
            "uniqueItems":true
        },
        "driveFwDownloadStatus" : {
            "type": "object",
            "properties": {
                "EID:Slot": {"type": "string", "pattern": "^(((\\d{1}|\\d{2}|\\d{3}):(\\d{1}|\\d{2}|\\d{3}))|-)$"},
                "DeviceID": { "type":"number","minimum": 0 },
                "RetCode": { "type":"number" },
                "Description": { "type":"string" }
            },
            "additionalProperties": false,
            "required":["EID:Slot","DeviceID","RetCode","Description"]
        }
    }
}   
