{
    "id": "file:///home/JSON-SCHEMA-FILES/drive-smart-schema.json",
    "$schema": "http://json-schema.org/draft-04/schema#",
    "description": "Drive show SMART data version 0.1",
    
    "type": "object",
    "properties": {
        "Controllers": {"$ref": "#/definitions/controllersArray"} 
    },
    "additionalProperties": false,
    "required": [ "Controllers" ],
    "definitions": {
        "controllersArray" :{
        "type":"array",
        "items": {"$ref": "#/definitions/controllers-array"},
        "minItems": 1,
        "uniqueItems": true
        },
        "controllers-array": {
            "type": "object",
            "properties": {
            "Command Status": {"$ref": "status-schema.json#/definitions/status"},
            "Response Data": {"$ref": "#/definitions/responseData"}
        }, 
        "additionalProperties": false,
        "required": [ "Command Status" ]
        },
        "responseData": {
            "type": "object",
            "patternProperties": {
                "^(Smart Data Info ((/c(\\d{1}|\\d{2})/e(\\d{1}|\\d{2}|\\d{3})/s(\\d{1}|\\d{2}|\\d{3}))|(/c(\\d{1}|\\d{2})/s(\\d{1}|\\d{2}|\\d{3}))))$": {"$ref": "common-schema.json#/definitions/hex-dump"}     
            },
            "additionalProperties": false,
            "uniqueProperties": true
        }
    }
}
