{
    "id": "file:///home/JSON-SCHEMA-FILES/drive-power-on-schema.json",
    "$schema": "http://json-schema.org/draft-04/schema#",
    "description": "Drive show power on hours version 0.1",
    
    "type": "object",
    "properties": {
        "Controllers": {"$ref": "#/definitions/controllersArray"} 
    },
    "additionalProperties": false,
    "required": [ "Controllers" ],
    "definitions": {
        "controllersArray" :{
        "type":"array",
        "items": {"$ref": "#/definitions/controllers-array"},
        "minItems": 1,
        "uniqueItems": true
        },
        "controllers-array": {
            "type": "object",
            "properties": {
            "Command Status": {"$ref": "status-schema.json#/definitions/status"},
            "Response Data": { "$ref": "#/definitions/responseData" }
        }, 
        "additionalProperties": false,
        "required": [ "Command Status" ]
        },
        "responseData": {
            "type": "array",
            "items": { "$ref":"#definitions/poh"},
            "minItems":1,
            "uniqueItems":true
        },
        "poh" : {
            "type": "object",
            "properties": {
                "Drive-ID": {"$ref": "common-schema.json#/definitions/driveSyntax"},
                "POH": {"type":"number"}
            },
            "additionalProperties": false,
            "required":["Drive-ID","POH"]
        }
    }
}   