{
    "id": "file:///home/JSON-SCHEMA-FILES/drive-phyerrorcounters-schema.json",
    "$schema": "http://json-schema.org/draft-04/schema#",
    "title": "Operation",
    "description": "Operations- version 0.1",
    
    "type": "object",
    "properties": {
        "Controllers": { "$ref": "#/definitions/controllersArray" } 
    },
    "additionalProperties": false,
    "required": [ "Controllers" ],
    "definitions": {
        "controllersArray" :{
            "type":"array",
            "items": {"$ref": "#/definitions/controllers-array"},
            "minItems": 1,
            "uniqueItems": true
        },
        "controllers-array": {
            "type": "object",
            "properties": {
                "Command Status": { "$ref": "status-schema.json#/definitions/status" },
				"Response Data": { "$ref": "#/definitions/responseData" }
            },
            "additionalProperties": false,
            "required": [ "Command Status" ]
        },
		"responseData":{
            "type": "object",
            "patternProperties": {
				"^((/c(\\d{1}|\\d{2})/e(\\d{1}|\\d{2}|\\d{3})/s(\\d{1}|\\d{2}|\\d{3})))$": {
					"oneOf": [
						{ "$ref": "#/definitions/SAS-phyerrorcounters" }, 
						{ "$ref": "#/definitions/SATA-phyerrorcounters" }
					]
				}
			},
            "additionalProperties": false,
            "uniqueProperties": true 
        },
		"SAS-phyerrorcounters": {
			"type": "array",
            "items": { "$ref": "#/definitions/SASphyerrorcounters" },
            "minItems": 1,
            "uniqueItems": true
		},
		"SASphyerrorcounters": {
			"type":"object",
            "properties": {
				"Drive-ID": { "$ref": "common-schema.json#/definitions/driveSyntax" },
				"PhyNo": { "type": "number", "minimum": 0 },
				"InvalDwdCnt": { "type": "number", "minimum": 0 },
				"RungDispartyErrCnt": { "type": "number", "minimum": 0 },
				"LosOfDwrdSynCnt": { "type": "number", "minimum": 0 },
				"PhyResetPrbCnt": { "type": "number", "minimum": 0 }
            },
            "additionalProperties": false
     	},
		"SATA-phyerrorcounters": {
			"type": "object",
            "properties": {
                "Response for device-to-host data FIS": { "$ref": "common-schema.json#/definitions/number-as-string" },
				"Response for host-to-device data FIS": { "$ref": "common-schema.json#/definitions/number-as-string" },
				"Response for device-to-host non-data FIS": { "$ref": "common-schema.json#/definitions/number-as-string" },
				"Response for host-to-device non-data FIS": { "$ref": "common-schema.json#/definitions/number-as-string" },
				"Device-to-host non-data FIS retries": { "$ref": "common-schema.json#/definitions/number-as-string" },
				"Transition from drive PHYRDY to drive PHYRDYn" : { "$ref": "common-schema.json#/definitions/number-as-string" },
				"Signature device-to-host register FISes due to COMRESET" : { "$ref": "common-schema.json#/definitions/number-as-string" },
				"Response for host-to-device data FIS, CRC" : { "$ref": "common-schema.json#/definitions/number-as-string" },
				"Response for host-to-device data FIS, non-CRC" : { "$ref": "common-schema.json#/definitions/number-as-string" },
				"Response for host-to-device non-data FIS, CRC" : { "$ref": "common-schema.json#/definitions/number-as-string" },
				"Response for host-to-device non-data FIS, non-CRC" : { "$ref": "common-schema.json#/definitions/number-as-string" },
				"Response for data FIS" : { "$ref": "common-schema.json#/definitions/number-as-string" },
				"Response for non-data FIS" : { "$ref": "common-schema.json#/definitions/number-as-string" },
				"CRC errors within host-to-device FIS" : { "$ref": "common-schema.json#/definitions/number-as-string" },
				"Non CRC errors within host-to-device FIS" : { "$ref": "common-schema.json#/definitions/number-as-string" },
				"Response for host-to-device data FIS, CRC": { "$ref": "common-schema.json#/definitions/number-as-string" },
				"Response for host-to-device data FIS, non-CRC": { "$ref": "common-schema.json#/definitions/number-as-string" },
				"Response for host-to-device non-data FIS, CRC": { "$ref": "common-schema.json#/definitions/number-as-string" },
				"Response for host-to-device non-data FIS, non-CRC": { "$ref": "common-schema.json#/definitions/number-as-string" },
				"PM: host-to-device non-data FIS, R_ERR(p) due to collision": { "$ref": "common-schema.json#/definitions/number-as-string" },
				"PM: signature register - device-to-host FISes": { "$ref": "common-schema.json#/definitions/number-as-string" },
				"PM: corrupts CRC propagation of device-to-host FISes": { "$ref": "common-schema.json#/definitions/number-as-string" },
				"Details": {
					"type": "array",
					"items": { "$ref": "#/definitions/SATA-details" },
					"minItems": 1,
					"uniqueItems": true
				}
            },
            "additionalProperties": false
		},
		"SATA-details": {
			"type": "object",
			"properties": {
				"ID": { "type": "string", "pattern": "0x[0-9A-Za-z]*$"},
				"Vendor": { "type": "number", "minimum": 0 },
				"Data Length": { "type": "number", "minimum": 0 },
				"Value": { "type": "string" }
			}
		}
    }
}