{
    "id": "file:///home/JSON-SCHEMA-FILES/drive-group-detailed-schema.json",
    "schema": "http://json-schema.org/draft-04/schema#",
    "description": "Drive group Information (SHOW) - version 0.1",
    
    "type": "object",
    "properties": {
        "Controllers": { "$ref": "#/definitions/controllersArray" }
    },
    "additionalProperties": false,
    "required": [ "Controllers" ],
    "definitions": {
        "controllersArray": {
            "type": "array",
            "items": { "$ref": "#/definitions/controllers-array" },
            "minItems": 1,
            "uniqueItems": true
        },
        "controllers-array": {
            "type":"object",
            "properties": {
                "Command Status": { "$ref": "status-schema.json#/definitions/status" },
                "Response Data": { "$ref": "#/definitions/responseData" }
            },
            "additionalProperties": false,
            "required": [ "Command Status" ]
        },
        "responseData": {
            "type": "object",
            "properties": {
                "Response Data": { "$ref": "#/definitions/response-data" }
            },
            "additionalProperties": false,
            "required": [ "Response Data" ]
        },
        "response-data": {
            "type": "object",
            "properties": {
                "TOPOLOGY": { "$ref": "drive-group-schema.json#/definitions/topology" },
				"VD LIST": { "$ref": "virtual-drive-config-schema.json#/definitions/virtual-drives" },
				"Total VD Count": { "type": "number", "minimum": 1 , "maximum": 256 },
				"DG Drive LIST": { "$ref": "mr-controller-detailed-schema.json#/definitions/pd-list" },
				"Total Drive Count": { "type": "number", "minimum": 0 },
				"UN-CONFIGURED DRIVE LIST": { "$ref": "#/definitions/unconfig-pd-list" }, 
				"Unconfigured Drive Count": { "$ref": "enclosure-drive-schema.json#/definitions/number-of-pds" },
				"FREE SPACE DETAILS": { "$ref": "#/definitions/free-space-details" },
				"Total Free Slots": { "type": "number", "minimum": 0 }
            },
            "additionalProperties": false,
            "required": [ ]
        },
		"free-space-details": {
			"type": "array",
            "items": { "$ref": "#/definitions/freeSpace" },
            "minItems": 1,
            "uniqueItems": true
		},
		"freeSpace": {
			"type": "object",
			"properties": {
				"ID": { "type": "number", "minimum": 0 },
				"DG": {
                    "oneOf": [
                        {"type": "number", "minimum": 0},
                        {"type": "string", "pattern": "^-$"}
                    ]
				},
				"AftrVD": {
                    "oneOf": [
                        {"type": "number", "minimum": 0},
                        {"type": "string", "pattern": "^-$"}
                    ]
				},
				"Size": { "$ref": "common-schema.json#/definitions/size" }
			}
		},
		"unconfig-pd-list": {
			"type": "array",
            "items": {"$ref": "enclosure-drive-schema.json#/definitions/driveInfromation"},
            "minItems": 1,
            "uniqueItems": false
		}
    }
}