{
    "id": "file:///home/JSON-SCHEMA-FILES/enclosure-schema.json",
    "schema": "http://json-schema.org/draft-04/schema#",
    "description": "Enclosure Information (SHOW) - version 0.1",
    
    "type": "object",
    "properties": {
        "Controllers": { "$ref": "#/definitions/controllersArray" }
    },
    "additionalProperties": false,
    "required": [ "Controllers" ],
    "definitions": {
        "controllersArray": {
            "type": "array",
            "items": { "$ref": "#/definitions/controllers-array" },
            "minItems": 1,
            "uniqueItems": true
        },
        "controllers-array": {
            "type":"object",
            "properties": {
            "Command Status": { "$ref": "status-schema.json#/definitions/status" },
            "Response Data": { "$ref": "#/definitions/responseData" }
            },
            "additionalProperties": false,
            "required": [ "Command Status" ]
        },
        "responseData": {
            "type": "object",
            "properties": {
                "Properties": { "$ref": "#/definitions/enclosure-information" }
            },
            "additionalProperties": false,
            "required": [ "Properties" ]
        },
        "enclosure-information": {
            "type": "array",
            "items": { "$ref": "#/definitions/details" },
            "minItems": 1,
            "uniqueItems": true
        },
        "details": {
            "type": "object",
            "properties": {
                "EID" : { "type": "number", "minimum": 0 },
                "State" : { "$ref": "common-schema.json#/definitions/enc-state" },
                "Slots" : { "type": "number", "minimum": 0 },
                "PD" : { "type": "number", "minimum": 0 },
                "PS" : { "type": "number", "minimum": 0 },
                "Fans" : { "type": "number", "minimum": 0 },
                "TSs" : { "type": "number", "minimum": 0 },
                "Alms" : { "type": "number", "minimum": 0 },
                "SIM" : { "type": "number", "minimum": 0 },
                "Port#" : { "$ref": "common-schema.json#/definitions/port-name" },
                "ProdID" : { "type": "string"},
                "VendorSpecific" : { "type": "string"}
            },
            "additionalProperties": false,
            "required": [ "EID",
                          "State",
                          "Slots",
                          "PD",
                          "Fans",
                          "TSs",
                          "Alms",
                          "SIM",
                          "ProdID",
                          "VendorSpecific"
            ]
        }
    }
}
