{
    "id": "file:///home/JSON-SCHEMA-FILES/enclosure-detailed-schema.json",
    "schema": "http://json-schema.org/draft-04/schema#",
    "description": "Enclosure Information detailed (SHOW ALL) - version 0.2",
    
    "type": "object",
    "properties": {
        "Controllers": { "$ref": "#/definitions/controllersArray" }
    },
    "additionalProperties": false,
    "required": [ "Controllers" ],
    "definitions": {
        "controllersArray": {
            "type": "array",
            "items": { "$ref": "#/definitions/controllers-array" },
            "minItems": 1,
            "uniqueItems": true
        },
        "controllers-array": {
            "type":"object",
            "properties": {
            "Command Status": { "$ref": "status-schema.json#/definitions/status" },
            "Response Data": { "$ref": "#/definitions/responseData" }
            },
            "additionalProperties": false,
            "required": [ "Command Status" ]
        },
        "responseData": {
            "type": "object",
            "patternProperties":{         
				"^(Enclosure /c(\\d{1}|\\d{2})/e(\\d{1}|\\d{2}|\\d{3}) )$": { "$ref": "#/definitions/enclosure-detailed-info" } 
            },
            "additionalProperties": false,
            "uniqueProperties": true
        },
        "enclosure-detailed-info": {
            "type": "object",
            "properties":{
                "Information": { "$ref": "#/definitions/enclosure-information" },
                "Inquiry Data": { "$ref": "#/definitions/enclosure-inquiry-data" },                
                "Properties": { "$ref": "#/definitions/enclosure-properties" }
            },
            "additionalProperties": false,			
            "uniqueProperties": true

        },
		"enclosure-information":{
			"type": "object",
            "properties": {
                "Device ID" : { "type": "number", "minimum": 0 },
				"Position" : { "type": "string" },
				"Connector Name" : { "type": "string"},
				"Chassis slot ID" : { "type": "string"},
				"Enclosure Type" : { "type": "string" , "enum": [ "SAFTE", "SES", "SGPIO", "Unknown" ]},
				"Status" : { "type": "string" , "enum": [ "Faulty", "OK"]},
				"FRU Part Number" : { "type": "string" },
				"Enclosure Serial Number" : { "type": "string" },
				"ESM Serial Number" : { "type": "string" },
				"Enclosure Zoning Mode" : { "type": "string" },
				"Device Type" : { "type": "string" , "enum": [ "Expander", "Enclosure", "Backplane"]},
				"Partner Device ID" :	{ 
											"oneOf": [
												{"type": "string" },
												{"type": "number", "minimum": 0 }
											]
										}             
            },
            "additionalProperties": false,
            "required": [ "Device ID",
                          "Enclosure Type",
                          "Status",
                          "FRU Part Number",
                          "Enclosure Serial Number",
						  "Enclosure Zoning Mode",
						  "Device Type"														
            ]
		},
		"enclosure-inquiry-data":{
			"type": "object",
            "properties": {
                "Vendor Identification"  : { "type": "string"},
				"Product Identification" : { "type": "string"},
				"Product Revision Level" : { "type": "string"}				
            },
            "additionalProperties": false,
            "required": [ "Vendor Identification",
                          "Product Identification",
                          "Product Revision Level" ]                         
						
		},
		"enclosure-properties": {
            "type": "array",
            "items": { "$ref": "#/definitions/details" },
            "minItems": 1,
            "uniqueItems": true
        },
        "details": {
            "type": "object",
            "properties": {
                "EID" : { "type": "number", "minimum": 0 },
                "State" : { "$ref": "common-schema.json#/definitions/enc-state" },
                "Slots" : { "type": "number", "minimum": 0 },
                "PD" : { "type": "number", "minimum": 0 },
                "PS" : { "type": "number", "minimum": 0 },
                "Fans" : { "type": "number", "minimum": 0 },
                "TSs" : { "type": "number", "minimum": 0 },
                "Alms" : { "type": "number", "minimum": 0 },
                "SIM" : { "type": "number", "minimum": 0 },
                "Port#" : { "$ref": "common-schema.json#/definitions/port-name" },
                "ProdID" : { "type": "string", "pattern": "^(([A-Za-z0-9\\-]*)|SGPIO)$" },
				"VendorSpecific" : {
					"oneof": [
						{ "type": "string", "pattern": "^([A-Za-z+-/0-9.\\-]*)$" },
						{ "$ref": "#/definitions/null-string"}
					]
				}
            },
            "additionalProperties": false,
            "required": [ "EID",
                          "State",
                          "Slots",
                          "PD",
                          "Fans",
                          "TSs",
                          "Alms",
                          "SIM",
                          "ProdID",
                          "VendorSpecific"
            ]
        }        
    }
}
