{
    "id": "file:///home/JSON-SCHEMA-FILES/enclosure-drive-schema.json",
    "schema": "http://json-schema.org/draft-04/schema#",
    "description": "Enclosure and Drives Information (SHOW) - version 0.1",
    
    "type": "object",
    "properties": {
        "Controllers": { "$ref": "#/definitions/controllersArray" }
    },
    "additionalProperties": false,
    "required": [ "Controllers" ],
    "definitions": {
        "controllersArray": {
            "type": "array",
            "items": { "$ref": "#/definitions/controllers-array" },
            "minItems": 1,
            "uniqueItems": true
        },
        "controllers-array": {
            "type":"object",
            "properties": {
            "Command Status": { "$ref": "status-schema.json#/definitions/status" },
            "Response Data": { "$ref": "#/definitions/responseData" }
            },
            "additionalProperties": false,
            "required": [ "Command Status" ]
        },
        "responseData": {
            "type": "object",
            "properties": {
                "Drive Information": { "$ref": "#/definitions/drive-information" }
            },
            "additionalProperties": false,
            "required": [ "Drive Information" ]
        },
        "drive-information": {
            "type": "array",
            "items": { "$ref": "#/definitions/driveInfromation" },
            "minItems": 1,
            "uniqueItems": true
        },
        "driveInfromation": {
            "type": "object",
            "properties": {
                "EID:Slt" : {
                    "oneOf": [
						{ "type": "string", "pattern": "^(((\\d{1}|\\d{2}|\\d{3}):(\\d{1}|\\d{2}|\\d{3}))|-)$"},
						{ "type": "string", "pattern": "^(( :(\\d{1}|\\d{2}|\\d{3}))|-)$"}
					]
				},				
                "DID" : {
                    "oneOf": [
                        {"type": "number", "minimum": 0},
                        {"type": "string", "pattern": "^-$"}
                    ]
                },
                "State" : { "$ref": "common-schema.json#/definitions/drive-state" },
                "DG" : {
                    "oneOf": [
                        {"type": "number", "minimum": 0},
                        {"type": "string", "pattern": "^-|F$"}
                    ]
                },
                "Size" : { "$ref": "common-schema.json#/definitions/size" },
                "Intf" : {"type": "string", "enum": ["Parallel SCSI", "SAS", "SATA", "FC", "NVMe", "Unknown"] },
                "Med" : {"type": "string", "enum": ["SSD", "HDD", "NytroSFM", "Nytro Flash", "DFF"] },
                "SED" : {"type": "string", "enum": ["Y", "N"]},
                "PI" : {"type": "string", "enum": ["Y", "N"]},
                "SeSz" : { "$ref": "common-schema.json#/definitions/size" },
                "Model" : {"type": "string"},
                "Sp" : {"type": "string", "enum": ["U", "T", "D", "-"]},
                "Type" : {"type": "string", "enum":["EPD", "JBOD", "-"] }
            },
            "additionalProperties": false,
            "required": [ "EID:Slt",
                          "DID",
                          "State",
                          "DG",
                          "Size",
                          "Intf",
                          "SED",
                          "PI",
                          "SeSz",
                          "Model",
                          "Sp"
            ]
        },
        "number-of-pds": {
            "type" : "number",
            "minimum": 0,
            "maximum": 256 
        }
    }
}