{
    "id": "file:///home/JSON-SCHEMA-FILES/controler-show-all.json",
    "$schema": "http://json-schema.org/draft-04/schema#",
    "title": "Controller Show All",
    "description": "Detailed controller properties (SHOW) - version 0.5",
    
    "definitions": {
        "it-controller-properties": {
            "type": "object",
            "properties": {
                "Basics": { "$ref": "#/definitions/basics" },
                "Version": { "$ref": "#/definitions/version" },
                "PCI Version": { "$ref": "#/definitions/pci-version" },
                "Pending Images in Flash": { "$ref": "#/definitions/imageName" },
                "Status": { "$ref": "#/definitions/status" },
                "Supported Adapter Operations": { "$ref": "#/definitions/supported-adapter-operations" },
                "HwCfg": { "$ref": "#/definitions/hwcfg" },
                "Policies": { "$ref": "common-schema.json#/definitions/policies" },
                "Boot": { "$ref": "#/definitions/boot" },
                "Defaults": { "$#ref": "#/definitions/defaults" },
                "Capabilities": { "#ref": "#/definitions/capabilities" },
                "Security Protocol properties": { "#ref": "#/definitions/secprotprop" },
                "Scheduled Tasks": { "#ref": "common-schema.json#/definitions/info-not-available" },
                "Enclosure Information": { "$ref": "enclosure-schema.json#/definitions/enclosure-information"},
                "Physical Device Information" : { "$ref": "enclosure-drive-detailed-schema.json#/definitions/responseData" }
            },
            "additionalProperties": false,
            "required": [   "Basics",
                            "Version",
                            "PCI Version",
                            "Pending Images in Flash",
                            "Status",
                            "Supported Adapter Operations",
                            "HwCfg",
                            "Policies",
                            "Boot",
                            "Defaults",
                            "Capabilities",
                            "Security Protocol properties",
                            "Scheduled Tasks"
                    ]
        },
        "basics": {
            "type": "object",
            "properties": {
                "Controller" : { "type": "number", "minimum": 0, "maximum": 15 },
                "Adapter Type": { "type": "string" },
                "Model" : { "type": "string" },
                "Serial Number" : { "$ref": "common-schema.json#/definitions/serial-number" },
                "Current System Date/time" : { "$ref": "common-schema.json#/definitions/mm-dd-yyyy-hh-mm-ss" },
                "Concurrent commands supported": {"type": "number"},
                "SAS Address" : { "$ref": "common-schema.json#/definitions/sas-address" },
                "PCI Address" : { "$ref": "common-schema.json#/definitions/pci-address" }, 
                "Mfg Date" : { "$ref": "common-schema.json#/definitions/mm-dd-yyyy" },
                "Rework Date" : { "$ref": "common-schema.json#/definitions/mm-dd-yyyy" },
                "Revision No" : { "$ref": "common-schema.json#/definitions/revision-number" }
            },
            "additionalProperties": false,
            "required": [   "Controller",
                            "Adapter Type",
                            "Model",
                            "Serial Number",
                            "Current System Date/time",
                            "Concurrent commands supported",
                            "SAS Address",
                            "PCI Address",
                            "Mfg Date",
                            "Rework Date",
                            "Revision No"
                        ]
        },
        "version": {
            "type": "object",
            "properties": {
                "Firmware Package Build" : { "$ref": "common-schema.json#/definitions/fw-package-build" },
                "Firmware Version" : { "$ref": "common-schema.json#/definitions/fw-version" },
                "Bios Version" : { "$ref": "common-schema.json#/definitions/bios-version" },
                "Boot Block Version" : {"type": "string", "pattern": "^(([0-9]|\\d{2}).\\d{2}.\\d{2}.(\\d{2}-\\d{4}))?$"},
                "NVDATA Version" : { "$ref": "common-schema.json#/definitions/nvdata-version" },
                "Bootloader Version" : {"type": "string"},
				"PSOC Version" : {"type": "string"},
                "Driver Name" : { "$ref": "common-schema.json#/definitions/driver-name" },				
                "Driver Version" : { "$ref": "common-schema.json#/definitions/driver-version" }
            },
            "additionalProperties": false,
            "required": [   "Firmware Package Build",
                            "Firmware Version",
                            "Driver Name",
                            "Driver Version",
                            "NVDATA Version"
                        ]
        },
        "pci-version": {
            "type": "object",
            "properties": {
                "Vendor Id" : { "$ref": "common-schema.json#/definitions/vendor-id"},
                "Device Id" : { "$ref": "common-schema.json#/definitions/device-id" },
                "SubVendor Id" : { "$ref": "common-schema.json#/definitions/subvendor-id" },
                "SubDevice Id" : { "$ref": "common-schema.json#/definitions/subdevice-id"},
                "Host Interface" : { "$ref": "common-schema.json#/definitions/host-interface" },
                "Device Interface" : { "$ref": "common-schema.json#/definitions/device-interface" },
                "Bus Number" : { "type": "number", "minimum": 0 },
                "Device Number" : { "$ref": "common-schema.json#/definitions/device-number" },
                "Function Number" : { "$ref": "common-schema.json#/definitions/function-number" },
                "Domain ID" : { "$ref": "common-schema.json#/definitions/domain-id" }
            },
            "additionalProperties": false,
            "required": [   "Vendor Id",
                            "Device Id",
                            "SubVendor Id",
                            "SubDevice Id",
                            "Host Interface",
                            "Device Interface",
                            "Bus Number",
                            "Device Number",
                            "Function Number",
                            "Domain ID"
                        ]
        },
        "imageName": {
            "type":"object",
            "properties": {
                "Image name": {
                    "oneOf": [
                        {"type":"string" , "enum": [ "Yet to check" ]},
                        {"type":"string", "pattern":"No pending images" }
                    ]
                }
            },
            "additionalProperties": false,
            "required": [ "Image name" ]
        },
        "status": {
            "type": "object",
            "properties": {
                "Controller Status" : { "$ref": "common-schema.json#/definitions/controller-status" },
                "Memory Correctable Errors" : { "$ref": "common-schema.json#/definitions/memory-correctable-errors" },
                "Memory Uncorrectable Errors" : { "$ref": "common-schema.json#/definitions/memory-uncorrectable-errors" },
                "Bios was not detected during boot" : { "$ref": "common-schema.json#/definitions/bios-boot-status" },
                "Controller has booted into safe mode" : { "$ref": "common-schema.json#/definitions/boolean-yes-no" },
			    "Controller has booted into certificate provision mode" : { "$ref": "common-schema.json#/definitions/boolean-yes-no" },
			    "Package Stamp Mismatch" : { "$ref": "common-schema.json#/definitions/boolean-yes-no" }
            },
            "additionalProperties": false,
            "required": [   "Controller Status",
                            "Memory Correctable Errors",
                            "Memory Uncorrectable Errors",
                            "Bios was not detected during boot",
                            "Controller has booted into safe mode"
                        ]
        },
        "supported-adapter-operations" : {
            "type": "object",
            "properties": {
                "Alarm Control" : { "$ref": "common-schema.json#/definitions/boolean-yes-no" },
                "Cluster Support" : { "$ref": "common-schema.json#/definitions/boolean-yes-no" },
                "Self Diagnostic" : { "$ref": "common-schema.json#/definitions/boolean-yes-no" },
                "Deny SCSI Passthrough" : { "$ref": "common-schema.json#/definitions/boolean-yes-no" },
                "Deny SMP Passthrough" : { "$ref": "common-schema.json#/definitions/boolean-yes-no" },
                "Deny STP Passthrough" : { "$ref": "common-schema.json#/definitions/boolean-yes-no" },
                "Support more than 8 Phys" : { "$ref": "common-schema.json#/definitions/boolean-yes-no" },
                "FW and Event Time in GMT" : { "$ref": "common-schema.json#/definitions/boolean-yes-no" },
                "Support Enclosure Enumeration" : { "$ref": "common-schema.json#/definitions/boolean-yes-no" },
                "Support Allowed Operations" : { "$ref": "common-schema.json#/definitions/boolean-yes-no" },
                "Support Multipath" : { "$ref": "common-schema.json#/definitions/boolean-yes-no" },
                "Support Security" : { "$ref": "common-schema.json#/definitions/boolean-yes-no" },
                "Support Config Page Model" : { "$ref": "common-schema.json#/definitions/boolean-yes-no" },
                "Support the OCE without adding drives" : { "$ref": "common-schema.json#/definitions/boolean-yes-no" },
                "support EKM" : { "$ref": "common-schema.json#/definitions/boolean-yes-no" },
                "Snapshot Enabled" : { "$ref": "common-schema.json#/definitions/boolean-yes-no" },
                "Support PFK" : { "$ref": "common-schema.json#/definitions/boolean-yes-no" },
                "Support PI" : { "$ref": "common-schema.json#/definitions/boolean-yes-no" },
                "Support LDPI Type1" : { "$ref": "common-schema.json#/definitions/boolean-yes-no" },
                "Support LDPI Type2" : { "$ref": "common-schema.json#/definitions/boolean-yes-no" },
                "Support LDPI Type3" : { "$ref": "common-schema.json#/definitions/boolean-yes-no" },
                "Support Shield State" : { "$ref": "common-schema.json#/definitions/boolean-yes-no" },
                "Support Set Link Speed" : { "$ref": "common-schema.json#/definitions/boolean-yes-no" },
                "Support JBOD" : { "$ref": "common-schema.json#/definitions/boolean-yes-no" },
                "Disable Online PFK Change" : { "$ref": "common-schema.json#/definitions/boolean-yes-no" },
                "Real Time Scheduler" : { "$ref": "common-schema.json#/definitions/boolean-yes-no" },
                "Support Reset Now" : { "$ref": "common-schema.json#/definitions/boolean-yes-no" },
                "Support Emulated Drives" : { "$ref": "common-schema.json#/definitions/boolean-yes-no" },
                "Support Platform Security" : { "$ref": "common-schema.json#/definitions/boolean-yes-no" },
				"Support Package Stamp Mismatch Reporting" : { "$ref": "common-schema.json#/definitions/boolean-yes-no" }
            },
            "additionalProperties": false,
            "required": [   "Alarm Control", 
                            "Cluster Support", 
                            "Deny SCSI Passthrough", 
                            "Deny SMP Passthrough", 
                            "Deny STP Passthrough", 
                            "FW and Event Time in GMT", 
                            "Real Time Scheduler", 
                            "Self Diagnostic", 
                            "Snapshot Enabled", 
                            "Support Allowed Operations", 
                            "Support Config Page Model", 
                            "support EKM", 
                            "Support Emulated Drives", 
                            "Support Enclosure Enumeration", 
                            "Support JBOD", 
                            "Support Multipath", 
                            "Support PFK", 
                            "Support PI", 
                            "Support Reset Now", 
                            "Support Security", 
                            "Support Set Link Speed", 
                            "Support Shield State", 
                            "Support more than 8 Phys", 
                            "Support the OCE without adding drives",
                            "Disable Online PFK Change"
                        ]
        },
        "hwcfg": {
            "type": "object",
            "properties": {
                            "ChipRevision" : { "$ref": "common-schema.json#/definitions/chip-revision" },
                            "BatteryFRU" : { "$ref": "common-schema.json#/definitions/battery-fru" },
                            "Front End Port Count" : { "$ref": "common-schema.json#/definitions/port-count" },
                            "Backend Port Count" : { "$ref": "common-schema.json#/definitions/port-count" },
                            "Serial Debugger" : { "$ref": "common-schema.json#/definitions/present-absent" },
                            "NVRAM Size" : { "$ref": "common-schema.json#/definitions/size" },
                            "Flash Size" : { "$ref": "common-schema.json#/definitions/size" },
                            "On Board Memory Size" : { "$ref": "common-schema.json#/definitions/size" },
                            "On Board Expander" : { "$ref": "common-schema.json#/definitions/present-absent" },
                            "Temperature Sensor for ROC" : { "$ref": "common-schema.json#/definitions/present-absent" },
                            "Temperature Sensor for Controller" : { "$ref": "common-schema.json#/definitions/present-absent" },
                            "Current Size of CacheCade (GB)" : { "$ref": "common-schema.json#/definitions/cachecade-size" },
                            "Current Size of FW Cache (MB)" : { "$ref": "common-schema.json#/definitions/fw-cache-size" },
                            "ROC temperature(Degree Celcius)" : { "$ref": "common-schema.json#/definitions/temperature" }
                        }, 
                        "additionalProperties": false,
                        "required": [
                                        "ChipRevision",
                                        "BatteryFRU",
                                        "Front End Port Count",
                                        "Backend Port Count",
                                        "Serial Debugger",
                                        "NVRAM Size",
                                        "Flash Size",
                                        "On Board Memory Size",
                                        "On Board Expander",
                                        "Temperature Sensor for ROC",
                                        "Temperature Sensor for Controller",
                                        "Current Size of CacheCade (GB)",
                                        "Current Size of FW Cache (MB)",
                                        "ROC temperature(Degree Celcius)"
                                    ]
        },
        "boot" : {
            "type": "object",
            "properties": {
                "Max Drives to Spinup at One Time": { "$ref": "common-schema.json#/definitions/max-drives-to-spinup-at-one-time" },
                "Maximum number of direct attached drives to spin up in 1 min": {"$ref": "common-schema.json#/definitions/maximum-number-of-direct-attached-drives-to-spin-up-in-1-min" },
                "Delay Among Spinup Groups (sec)": { "$ref": "common-schema.json#/definitions/delay-among-spinup-groups" },
                "Allow Boot with Preserved Cache": { "$ref": "common-schema.json#/definitions/allow-boot-with-preserved-cache" }
            },
            "additionalProperties": false,
            "required": [
                "Max Drives to Spinup at One Time",
                "Maximum number of direct attached drives to spin up in 1 min",
                "Delay Among Spinup Groups (sec)",
                "Allow Boot with Preserved Cache"
            ]
        },
        "defaults": {
            "type": "object",
            "properties": {
                "Phy Polarity" : {"type": "number", "minimum": 0},
                "Phy PolaritySplit" : {"type": "number", "minimum": 0},
                "Cached IO" : { "$ref": "common-schema.json#/definitions/boolean-on-off" },
                "Default spin down time (mins)" : {"type": "number", "minimum": 0},
                "Coercion Mode" : { "$ref": "common-schema.json#/definitions/size" },
                "ZCR Config" : {"type": "string", "enum": ["Unknown", "RADIOS", "IDSEL"]},
                "Max Chained Enclosures" : {"type": "number", "minimum": 0},
                "Direct PD Mapping" : { "$ref": "common-schema.json#/definitions/boolean-yes-no" },
                "Restore Hot Spare on Insertion" : { "$ref": "common-schema.json#/definitions/boolean-yes-no" },
                "Expose Enclosure Devices" : { "$ref": "common-schema.json#/definitions/boolean-yes-no" },
                "Maintain PD Fail History" : { "$ref": "common-schema.json#/definitions/boolean-yes-no" },
                "Zero Based Enclosure Enumeration" : { "$ref": "common-schema.json#/definitions/boolean-yes-no" },
                "Disable Puncturing" : { "$ref": "common-schema.json#/definitions/boolean-yes-no" },
                "Un-Certified Hard Disk Drives" : { "type": "string", "enum": ["Block", "Allow", "Warn & Allow"] }, 
                "SMART Mode" : { "$ref": "common-schema.json#/definitions/smart-mode" }, 
                "Enable LED Header" : { "$ref": "common-schema.json#/definitions/boolean-yes-no" },
                "LED Show Drive Activity" : { "$ref": "common-schema.json#/definitions/boolean-yes-no" },
                "Dirty LED Shows Drive Activity" : { "$ref": "common-schema.json#/definitions/boolean-yes-no" },
                "EnableCrashDump" : { "$ref": "common-schema.json#/definitions/boolean-yes-no" },
                "Disable Online Controller Reset" : { "$ref": "common-schema.json#/definitions/boolean-yes-no" },
                "Treat Single span R1E as R10" : { "$ref": "common-schema.json#/definitions/boolean-yes-no" },
                "Power Saving option" : { "$ref": "common-schema.json#/definitions/enable-disable" },
                "TTY Log In Flash" : { "$ref": "common-schema.json#/definitions/boolean-yes-no" },
                "Auto Enhanced Import" : { "$ref": "common-schema.json#/definitions/boolean-yes-no" },
                "Enable Shield State" : { "$ref": "common-schema.json#/definitions/boolean-yes-no" },
                "Time taken to detect CME" : { "$ref": "common-schema.json#/definitions/time-sec" }
            },
            "additionalProperties": false,
            "required": [
                            "Phy Polarity",
                            "Phy PolaritySplit",
                            "Cached IO",
                            "Default spin down time (mins)",
                            "Coercion Mode",
                            "ZCR Config",
                            "Max Chained Enclosures",
                            "Direct PD Mapping",
                            "Restore Hot Spare on Insertion",
                            "Expose Enclosure Devices",
                            "Maintain PD Fail History",
                            "Zero Based Enclosure Enumeration",
                            "Disable Puncturing",
                            "Un-Certified Hard Disk Drives", 
                            "SMART Mode", 
                            "Enable LED Header",
                            "LED Show Drive Activity",
                            "Dirty LED Shows Drive Activity",
                            "EnableCrashDump",
                            "Disable Online Controller Reset",
                            "Treat Single span R1E as R10",
                            "Power Saving option",
                            "TTY Log In Flash",
                            "Auto Enhanced Import",
                            "Enable Shield State",
                            "Time taken to detect CME"
                    ]
        },
        "capabilities": {
            "type": "object",
            "properties": {
                "Supported Drives" : { "$ref": "common-schema.json#/definitions/supported-drives" },
                "Enable JBOD" : { "$ref": "common-schema.json#/definitions/boolean-yes-no" },
                "Max Parallel Commands" : {"type": "number", "minimum": 0},
                "Max SGE Count" : {"type": "number", "minimum": 0},
                "Max Data Transfer Size" : {"type": "string"},
                "Max Strips PerIO" : {"type": "number", "minimum": 0},
                "Max Configurable CacheCade Size(GB)" : {"type": "number", "minimum": 0},
                "Min Strip Size" : { "$ref" : "common-schema.json#/definitions/size" },
                "Max Strip Size" : { "$ref": "common-schema.json#/definitions/size" }
            },
            "additionalProperties": false,
            "required": [
                            "Supported Drives",
                            "Enable JBOD",
                            "Max Parallel Commands",
                            "Max SGE Count",
                            "Max Data Transfer Size",
                            "Max Strips PerIO",
                            "Max Configurable CacheCade Size(GB)",
                            "Min Strip Size",
                            "Max Strip Size"
                        ]
        },
        "secprotprop": {
            "type": "object",
            "properties": {
                "Security Protocol" : {"type": "string"},
                "Slot Group count" : {"type": "number", "minimum": 0},
                "Slot count" : {"type": "number", "minimum": 0},
                "Number of Measurement Algorithm Records" : {"type": "number", "minimum": 0},
				"Measurement Algorithms" : { "$ref": "common-schema.json#/definitions/measalgos" },
                "Number of Certificate algorithm records" : {"type": "number", "minimum": 0},
                "Certificate Algorithms" : { "$ref": "common-schema.json#/definitions/certalgos" }
            },
            "additionalProperties": false,
            "required": [
                            "Security Protocol"
                        ]
        }
    }
}