{
    "id": "file:///home/JSON-SCHEMA-FILES/jbod-show-init-schema.json",
    "$schema": "http://json-schema.org/draft-04/schema#",
    "description": "JBOD show init version 0.1",
    
    "type": "object",
    "properties": {
        "Controllers": {"$ref": "#/definitions/controllersArray"} 
    },
    "additionalProperties": false,
    "required": [ "Controllers" ],
    "definitions": {
        "controllersArray" :{
        "type":"array",
        "items": {"$ref": "#/definitions/controllers-array"},
        "minItems": 1,
        "uniqueItems": true
        },
        "controllers-array": {
            "type": "object",
            "properties": {
            "Command Status": {"$ref": "status-schema.json#/definitions/status"},
            "Response Data": { "$ref": "#/definitions/responseData" }
        }, 
        "additionalProperties": false,
        "required": [ "Command Status" ]
        },
        "responseData": {
            "type": "object",
            "properties": {
                "JBOD Operation Status": {"$ref":"#/definitions/jbod-status-array"}
        },
        "additionalProperties": false,
        "required": ["JBOD Operation Status"]
        },
        "jbod-status-array": {
            "type": "array",
            "items": {"$ref":"#definitions/jbodStatus"},
            "minItems": 1,
            "uniqueItems": true
        },
        "jbodStatus": {
            "type": "object",
            "properties": {
                "JBOD" : { "type":"number","minimum": 0 },
                "Operation" : {
                "type":"string","pattern":"^INIT$"  
                },
                "Progress%" : { 
                    "oneOf" : [
                        {"type":"number","minimum": 0},
                        {"type":"string","pattern":"^-$"}
                    ]
                },
                "Status" : {
                    "type":"string",
                    "enum":["In progress","Not in progress","Completed","Paused"]
                },
                "Estimated Time Left" : {
                    "oneOf" : [
                        {"$ref":"common-schema.json#/definitions/time-day-hour-min"},
                        {"type":"string","pattern":"^-$"}
                    ]
                }
            },
            "additionalProperties": false,
            "required": ["JBOD","Operation", "Progress%", "Status", "Estimated Time Left"]          
        }
    }
}
