{
    "id": "file:///home/JSON-SCHEMA-FILES/jbod-list-schema.json",
    "$schema": "http://json-schema.org/draft-04/schema#",
    "title": "Controller Show All",
    "description": "Detailed controller properties (SHOW) - version 0.3",
    
    "type": "object",
    "properties": {
        "Controllers": { "$ref": "#/definitions/controllersArray" }
    },
    "additionalProperties": false,
    "required": [ "Controllers" ],
    "definitions": {
        "controllersArray": {
            "type": "array",
            "items": { "$ref": "#/definitions/controllers-array" },
            "minItems": 1,
            "uniqueItems": true
        },
        "controllers-array": {
            "type":"object",
            "properties": {
            "Command Status": { "$ref": "status-schema.json#/definitions/status" },
            "Response Data": { "$ref": "#/definitions/responseData" }
            },
            "additionalProperties": false,
            "required": [ "Command Status", "Response Data" ]
        },
        "responseData": {
            "type": "object",
            "properties": {
                "JBOD List": { "$ref": "#/definitions/jbod-list" }
            },
            "additionalProperties": false,
            "required": [ "JBOD List" ]
        },
        "jbod-list": {
            "type": "array",
            "items": { "$ref": "#/definitions/jbodList" },
            "minItems": 1,
            "uniqueItems": true
        },
        "jbodList": {
            "type": "object",
            "properties": {
                "ID" : {"type": "number", "minimum": 0},
                "EID:Slt" : {"type": "string", "pattern": "^(((\\d{1}|\\d{2}|\\d{3}):(\\d{1}|\\d{2}|\\d{3}))|( :(\\d{1}|\\d{2}|\\d{3}))|-)$"},
                "DID" : {
                    "oneOf": [
                        {"type": "number", "minimum": 0},
                        {"type": "string", "pattern": "^-$"}
                    ]
                },
                "State" : { "$ref": "common-schema.json#/definitions/drive-state" },
                "Intf" : { "$ref": "common-schema.json#/definitions/interface" },
                "Med" : {"type": "string", "enum": ["SSD", "HDD", "NytroSFM", "Nytro Flash", "DFF"] },
                "Size" : {"type": "string", "pattern": "^$|^(((\\d{1}|\\d{2}|\\d{3}).(\\d{1}|\\d{2}|\\d{3})) (KB|MB|GB|TB|PB|EB|ZB|YB))$"},
                "SeSz" : { "$ref": "common-schema.json#/definitions/size"  },
                "Model" : {"type": "string"},
                "Vendor" : {"type": "string"},
                "Port" : {"type": "string"},
                "SED" : {"type": "string", "enum": ["Y", "N", "-"]},
                "DG" : {
                        "oneOf": [
                            {"type": "number", "minimum": 0},
                            {"type": "string", "pattern": "^-$"}
                        ]
                },
                "Type": {
                    "oneOf": [
                        { "type": "string", "pattern": "^RAID(\\d{1}|\\d{2})$" },
                        {  "type": "string", "enum": [ "DRIVE" , "-"] }
                    ]
                },
                "PI": {"type": "string", "enum": ["Y", "N", "-"]},
                "Sp": { "type": "string", "enum": ["U", "D"] }
            },
            "additionalProperties": false, 
            "required": [ "EID:Slt",
                          "DID",
                          "State",
                          "Intf",
                          "Med",
                          "Size",
                          "SeSz",
                          "Model"
                        ]
        }
    }
}