{
    "id": "file:///home/JSON-SCHEMA-FILES/jbod-detailed-status.json#",
    "$schema": "http://json-schema.org/draft-04/schema#",
    "title": "Generic status response",
    "description": "JBOD detailed status version 0.1",

    "definitions": {
        "jbod-bootdrive-detailed-status": {
            "type": "object",
            "properties": {
                "JBOD": { "type": "number", "minimum": 0 },
                "Property": {"type":"string"},
                "Value": {"$ref": "common-schema.json#/definitions/boolean-on-off" },
                "Status": {"$ref": "common-schema.json#/definitions/status-messages"},
                "ErrCd": { "$ref": "status-schema.json#/definitions/errcode" },
                "ErrMsg": { "$ref": "status-schema.json#/definitions/errmsg" }
            },
            "additionalProperties": false,
            "required": [ "JBOD", "Property", "Value", "Status", "ErrCd", "ErrMsg" ]
        },
        "jbod-drive-detailed-status": {
            "type": "object",
            "properties": {
                "JBOD": { "type": "number", "minimum": 0 },
                "Operation": {
                    "type": "string","enum":["INIT","ERASE","CC","BGI","MIGRATE","-"] 
                },
                "Status": { "$ref": "common-schema.json#/definitions/status-messages" },
                "ErrCd": { "$ref": "status-schema.json#/definitions/errcode" },
                "ErrMsg": { "$ref": "status-schema.json#/definitions/errmsg" }
            },
            "additionalProperties": false,
            "required": [ "JBOD", "Operation", "Status", "ErrCd", "ErrMsg" ]
        },        
        "jbod-add-detailed-status": {
            "type": "object",
            "properties": {
                "Drive": {"type": "string", "pattern": "^(((\\d{1}|\\d{2}|\\d{3}):(\\d{1}|\\d{2}|\\d{3}))|(:(\\d{1}|\\d{2}|\\d{3}))|-)$"},
                "ErrCd": { "$ref": "status-schema.json#/definitions/errcode" },
                "Status": { "type": "string" },
                "Description": { "type": "string" }
            },
            "additionalProperties": false,
            "required": ["Drive", "ErrCd"]
        },
        "jbod-delete-detailed-status": {
            "type": "object",
            "properties": {
                "JBOD": { "type": "number", "minimum": 0 },
                "ErrCd": { "$ref": "status-schema.json#/definitions/errcode" },
                "Status": { "type": "string" }
            },
            "additionalProperties": false,
            "required": [ "JBOD", "Status", "ErrCd"]
        }
    }
}