{
    "id": "file:///home/JSON-SCHEMA-FILES/mr-controller-phyerrorcounters-schema.json",
    "$schema": "http://json-schema.org/draft-04/schema#",
    "description": "MR Controller Phy error counters - version 0.1",
    
    "definitions": {
        "mr-controller-phy-properties": {
            "type": "object", 
            "properties": {
                "PhyInfo": { "$ref": "#/definitions/phy-info" },
                "Phy Error Counters": { "$ref": "#/definitions/phy-error-counters" }
            }, 
            "additionalProperties": false, 
            "required": [ "PhyInfo" ]
        }, 
        "phy-info": {
            "type": "array", 
            "items": { "$ref": "#/definitions/phyInfo" }, 
            "minItems": 1, 
            "uniqueItems": true
        }, 
        "phyInfo": {
            "type": "object", 
            "properties": {
                "PhyNo": { "type": "number", "minimum": 0 }, 
                "SAS_Addr": { "$ref": "common-schema.json#/definitions/sas-address" }, 
                "Phy_Identifier": { "type": "number", "minimum": 0 },
                "Link_Speed": { "$ref": "common-schema.json#/definitions/speed" },
                "Device_Type ": { "type": "string", "enum": [ "End Device", "Edge Expander", "Fanout Expander", 
                                                              "SATA Device", "SMP Initiator", "STP Initiator", "SSP Initiator",
                                                              "SMP Target", "STP Target", "SSP Target", "-" ] }, 
                "Port": { "type": "number", "minimum": 0 },
                "Port_valid": { "type": "number", "minimum": 0 },
                "Description": { "type": "string" },
                "MaxSpeed": { "type": "string" }
            }, 
            "additionalProperties": false, 
            "required": [ "PhyNo",
                          "SAS_Addr",
                          "Phy_Identifier",
                          "Link_Speed",
                          "Device_Type ",
                          "Port",
                          "Port_valid",
                          "Description"
            ]
        },
        "phy-error-counters": {
            "type": "array", 
            "items": { "$ref": "#/definitions/phyErrorCounters" }, 
            "minItems": 1, 
            "uniqueItems": true
        },
        "phyErrorCounters": {
            "type": "object", 
            "properties": {
                "Phy_No": { "type": "number", "minimum": 0 },
                "Invld_Dwrd_Cnt": { "type": "number", "minimum": 0 },
                "Dis_Prt_Err_Cnt": { "type": "number", "minimum": 0 },
                "Ls_Dwrd_Syn_Cnt": { "type": "number", "minimum": 0 }, 
                "Phy_Rst_Prbl_Cnt": { "type": "number", "minimum": 0 }
            }, 
            "additionalProperties": false,
            "required": [ "Phy_No", 
                          "Invld_Dwrd_Cnt",
                          "Dis_Prt_Err_Cnt",
                          "Ls_Dwrd_Syn_Cnt",
                          "Phy_Rst_Prbl_Cnt"
            ]
        }
    }
}