{
    "id": "file:///home/JSON-SCHEMA-FILES/mr-controller-detailed-schema.json#",
    "$schema": "http://json-schema.org/draft-04/schema#",
    "title": "Controller Show",
    "description": "Controller properties show - version 0.4",
    
    "definitions" : {
        "mr-controller-properties": {
            "type": "object",
            "properties": {
                "Basics": { "$ref": "#/definitions/basics" },
                "Version": { "$ref": "#/definitions/version" },
                "Bus": { "$ref": "#/definitions/bus" },
                "Pending Images in Flash": { "$ref": "#/definitions/pending-images-in-flash" },
                "Status": { "$ref": "#/definitions/status" },
                "Supported Adapter Operations": { "$ref": "#/definitions/supported-adapter-operations" },
                "Enterprise Key management": { "$ref": "#/definitions/enterprise_key_management" },
                "Supported PD Operations": { "$ref": "#/definitions/supported-pd-operations" },
                "Supported VD Operations": { "$ref": "#/definitions/supported-vd-operations" },
                "Advanced Software Option": { "$ref": "#/definitions/advanced-software-operations" },
                "Safe ID": { "$ref": "#/definitions/safe-id" },
                "HwCfg": { "$ref": "#/definitions/hwcfg" },
                "Policies": { "$ref": "common-schema.json#/definitions/policies" },
                "Boot": { "$ref": "#/definitions/boot" },
                "High Availability": { "#ref": "#/definitions/high-availability" },
                "Defaults": { "$#ref": "#/definitions/defaults" },
                "Capabilities": { "#ref": "#/definitions/capabilities" },
                "Scheduled Tasks": { "$ref": "#/definitions/scheduled-tasks" },
                "Secure Boot": { "$ref": "#/definitions/secure-boot" },
                "Security Protocol properties": { "#ref": "#/definitions/secprotprop" },
                "FOREIGN CONFIGURATION": { "$ref": "foreign-configuration-schema.json#/definitions/foreign-configuration" },
                "Total foreign dirve groups": { "$ref": "foreign-configuration-schema.json#/definitions/total-foreign-drive-groups" },
                "Total Locked Foreign PDs": { "$ref": "foreign-configuration-schema.json#/definitions/total-locked-foreign-pds" },
                "Drive Groups": { "type": "number", "minimum": 1 },
                "TOPOLOGY": { "$ref": "drive-group-schema.json#/definitions/topology" },
                "Virtual Drives": { "type": "number", "minimum": 1 , "maximum": 256 },
                "VD LIST": { "$ref": "virtual-drive-config-schema.json#/definitions/virtual-drives" },
                "JBOD Drives": { "type": "number", "minimum": 1, "maximum": 256 },
                "JBOD LIST": { "$ref": "jbod-list-schema.json#/definitions/jbod-list" },
                "Physical Drives": { "$ref": "enclosure-drive-schema.json#/definitions/number-of-pds" },
                "PD LIST": { "$ref": "#/definitions/pd-list" }, 
                "Enclosures" : { "type": "number", "minimum": 0 },
                "Enclosure LIST": { "$ref": "enclosure-schema.json#/definitions/enclosure-information" }, 
                "Cachevault_Info": { "$ref": "cache-vault-schema.json#/definitions/cachevault-info" }
            },
            "additonalProperties": false,
            "required": [   "Basics",
                            "Version",
                            "Bus",
                            "Pending Images in Flash",
                            "Status",
                            "Supported PD Operations",
                            "Supported Adapter Operations",
                            "Supported VD Operations",
                            "Advanced Software Option",
                            "Safe ID",
                            "HwCfg",
                            "Policies",
                            "Boot",
                            "High Availability",
                            "Defaults",
                            "Capabilities",
                            "Scheduled Tasks"
                        ]
        },
        "basics": {
            "type": "object",
            "properties": {
                "Controller" : { "type": "number", "minimum": 0, "maximum": 15 },
                "Model" : { "type": "string" },
                "Serial Number" : { "$ref": "common-schema.json#/definitions/serial-number" },
				"PCI Slot Number" : { "type": "number", "minimum": 0, "maximum": 255 },
                "Current Controller Date/Time" : { "$ref": "common-schema.json#/definitions/mm-dd-yyyy-hh-mm-ss" },
                "Current System Date/time" :{ "$ref": "common-schema.json#/definitions/mm-dd-yyyy-hh-mm-ss" },
                "SAS Address" : { "$ref": "common-schema.json#/definitions/sas-address" },
                "PCI Address" : { "$ref": "common-schema.json#/definitions/pci-address" }, 
                "Mfg Date" : { "$ref": "common-schema.json#/definitions/mm-dd-yyyy" },
                "Rework Date" : { "$ref": "common-schema.json#/definitions/mm-dd-yyyy" },
                "Revision No" : { "$ref": "common-schema.json#/definitions/revision-number" }
            },
            "additionalProperties": false,
            "required": [   "Controller",
                            "Model",
                            "Serial Number",
                            "Current Controller Date/Time",
                            "Current System Date/time",
                            "SAS Address",
                            "PCI Address",
                            "Mfg Date",
                            "Rework Date",
                            "Revision No"
                        ]
        },
        "version": {
            "type": "object",
            "properties": {
                "Firmware Package Build" : { "$ref": "common-schema.json#/definitions/fw-package-build" },
                "Firmware Version" : { "$ref": "common-schema.json#/definitions/fw-version" },
                "CPLD Version" : {"type": "string", "pattern": "^(\\d{5}-(\\d{2}[a-zA-Z])?)|(\\d{3})$" },
                "SBR Version" : { "$ref": "common-schema.json#/definitions/sbr-version" },
                "Bios Version" : { "$ref": "common-schema.json#/definitions/bios-version" },
                "HII Version" : {"type": "string", "pattern": "^(\\d{2}.\\d{2}.\\d{2}.\\d{2})?$" },
                "Ctrl-R Version" : {"type": "string", "pattern": "^(([0-9]|\\d{2}).(\\d{2}-\\d{4}))?$" },
                "Ctrl-M Version" : {"type": "string" },
                "Preboot CLI Version" : {"type": "string", "pattern": "^(\\d{2}.\\d{2}-(\\d{2}:#%\\d{4}))?$" },
                "NVDATA Version" : { "$ref": "common-schema.json#/definitions/nvdata-version" },
                "Boot Block Version" : {"type": "string", "pattern": "^(([0-9]|\\d{2}).\\d{2}.\\d{2}.(\\d{2}-\\d{4}))?$"},
                "Bootloader Version" : {"type": "string" },
                "MPT Version" : {"type": "string" },
                "PSOC Version" : {"type": "string" },
                "CBB Version" : {"type": "string" },
                "HIIA Version" : {"type": "string", "pattern": "^(\\d{2}.\\d{2}.\\d{2}.\\d{2})?$" },
                "Driver Name" : { "$ref": "common-schema.json#/definitions/driver-name" },
                "Driver Version" : { "$ref": "common-schema.json#/definitions/driver-version" }
            },
            "additionalProperties": false,
            "required": [   "Firmware Package Build",
                            "Firmware Version",
                            "Bios Version",
                            "NVDATA Version",
                            "Driver Name",
                            "Driver Version"
                        ]
        },
        "bus": {
            "type": "object",
            "properties": {
                "Vendor Id" : { "$ref": "common-schema.json#/definitions/vendor-id" },
                "Device Id" : { "$ref": "common-schema.json#/definitions/device-id" },
                "SubVendor Id" : { "$ref": "common-schema.json#/definitions/subvendor-id" },
                "SubDevice Id" : { "$ref": "common-schema.json#/definitions/subdevice-id" },
                "Host Interface" : { "$ref": "common-schema.json#/definitions/host-interface" },
                "Device Interface" : { "$ref": "common-schema.json#/definitions/device-interface" },
                "Bus Number" : { "$ref": "common-schema.json#/definitions/bus-number" },
                "Device Number" : { "$ref": "common-schema.json#/definitions/device-number" },
                "Function Number" : { "$ref": "common-schema.json#/definitions/function-number" },
                "Domain ID" : { "$ref": "common-schema.json#/definitions/domain-id" }
            },
            "additionalProperties": false,
            "required": [   "Vendor Id",
                            "Device Id",
                            "SubVendor Id",
                            "SubDevice Id",
                            "Host Interface",
                            "Device Interface",
                            "Bus Number",
                            "Device Number",
                            "Function Number",
                            "Domain ID"
                        ]
        },
        "pending-images-in-flash": {
            "oneOf": [
                { "$ref": "#/definitions/imageName" },
                { "$ref": "#/definitions/pendingImageInFlash" }
            ]
        },
        "imageName": {
            "type":"object",
            "properties": {
                "Image name": {"type":"string", "pattern":"No pending images" }
            },
            "additionalProperties": false,
            "required": [ "Image name" ]
        },
        "pendingImageInFlash": {
            "type": "object",
            "properties": {
                "Details": { "$ref": "#/definitions/details" }
            },
            "additionalProperties": false,
            "required": [ "Details" ]
        },
        "details": {
            "type": "array",
            "items":{ "$ref": "#/definitions/pendingImages" },
            "minItems": 1,
            "uniqueItems": true
        },
        "pendingImages": {
            "type": "object",
            "properties": {
                "Name": { "type": "string", "enum": [ "Bios Version",
                                                      "Firmware Version",
                                                      "Boot Block Version",
                                                      "NVDATA Version",
                                                      "Bootloader Version",
                                                      "WebBIOS Version",
                                                      "Ctrl-R Version",
                                                      "Ctrl-M Version",
                                                      "MPT Version",
                                                      "Preboot CLI Version",
                                                      "HII Version",
                                                      "SBR Version",
                                                      "PSOC Version",
                                                      "CBB Version",
                                                      "HIIA Version"
                                                    ] },
                "Version": {"type": "string" }
            },
            "additionalProperties": false,
            "required": [ "Name", "Version" ]
        },
        "status": {
            "type": "object",
            "properties": {
                "Controller Status" : { "$ref": "common-schema.json#/definitions/controller-status" },
                "Memory Correctable Errors" : { "$ref": "common-schema.json#/definitions/memory-correctable-errors" },
                "Memory Uncorrectable Errors" : { "$ref": "common-schema.json#/definitions/memory-uncorrectable-errors" },
                "ECC Bucket Count" : { "type": "number", "minimum": 0 },
                "Any Offline VD Cache Preserved" : { "$ref": "common-schema.json#/definitions/boolean-yes-no" },
                "BBU Status" : { 
									"oneOf" : [
									   { "type": "number", "minimum": 0 },
									   { "type": "string", "enum" : ["NA"] }
									   ]
									},
                "PD Firmware Download in progress": { "$ref": "common-schema.json#/definitions/boolean-yes-no" },
                "Support PD Firmware Download" : { "$ref": "common-schema.json#/definitions/boolean-yes-no" },
                "Lock Key Assigned" : { "$ref": "common-schema.json#/definitions/boolean-yes-no" },
                "Failed to get lock key on bootup" : { "$ref": "common-schema.json#/definitions/boolean-yes-no" },
                "Lock key has not been backed up" : { "$ref": "common-schema.json#/definitions/boolean-yes-no" },
                "Bios was not detected during boot" : { "$ref": "common-schema.json#/definitions/bios-boot-status" },
                "Controller must be rebooted to complete security operation" : { "$ref": "common-schema.json#/definitions/boolean-yes-no" },
                "A rollback operation is in progress" : { "$ref": "common-schema.json#/definitions/boolean-yes-no" },
                "At least one PFK exists in NVRAM" : { "$ref": "common-schema.json#/definitions/boolean-yes-no" },
                "SSC Policy is WB" : { "$ref": "common-schema.json#/definitions/boolean-yes-no" },
                "Controller has booted into safe mode" : { "$ref": "common-schema.json#/definitions/boolean-yes-no" },
                "Controller shutdown required" : { "$ref": "common-schema.json#/definitions/boolean-yes-no" },
                "Current Personality" : { "$ref": "common-schema.json#/definitions/personality" },
                "Controller has booted into certificate provision mode" : { "$ref": "common-schema.json#/definitions/boolean-yes-no" }
            },
            "additionalProperties": false,
            "required": [   "Controller Status",
                            "Memory Correctable Errors",
                            "Memory Uncorrectable Errors",
                            "ECC Bucket Count",
                            "Any Offline VD Cache Preserved",
                            "BBU Status",
                            "Lock Key Assigned",
                            "Failed to get lock key on bootup",
                            "Lock key has not been backed up",
                            "Bios was not detected during boot",
                            "Controller must be rebooted to complete security operation",
                            "A rollback operation is in progress",
                            "At least one PFK exists in NVRAM",
                            "SSC Policy is WB",
                            "Controller has booted into safe mode"
                        ]
        },
        "supported-adapter-operations" : {
            "type": "object",
            "properties": {
                "Rebuild Rate" : { "$ref": "common-schema.json#/definitions/boolean-yes-no" },
                "CC Rate" : { "$ref": "common-schema.json#/definitions/boolean-yes-no" },
                "BGI Rate " : { "$ref": "common-schema.json#/definitions/boolean-yes-no" },
                "Reconstruct Rate" : { "$ref": "common-schema.json#/definitions/boolean-yes-no" },
                "Patrol Read Rate" : { "$ref": "common-schema.json#/definitions/boolean-yes-no" },
                "Alarm Control" : { "$ref": "common-schema.json#/definitions/boolean-yes-no" },
                "Cluster Support" : { "$ref": "common-schema.json#/definitions/boolean-yes-no" },
                "BBU" : { 
                            "oneOf": [ 
                                {"$ref": "common-schema.json#/definitions/boolean-yes-no" },
                                {"$ref": "common-schema.json#/definitions/info-not-available" }
                            ]
                        },
                "Spanning" : { "$ref": "common-schema.json#/definitions/boolean-yes-no" },
                "Dedicated Hot Spare" : { "$ref": "common-schema.json#/definitions/boolean-yes-no" },
                "Revertible Hot Spares" : { "$ref": "common-schema.json#/definitions/boolean-yes-no" },
                "Foreign Config Import" : { "$ref": "common-schema.json#/definitions/boolean-yes-no" },
                "Self Diagnostic" : { "$ref": "common-schema.json#/definitions/boolean-yes-no" },
                "Allow Mixed Redundancy on Array" : { "$ref": "common-schema.json#/definitions/boolean-yes-no" },
                "Global Hot Spares" : { "$ref": "common-schema.json#/definitions/boolean-yes-no" },
                "Deny SCSI Passthrough" : { "$ref": "common-schema.json#/definitions/boolean-yes-no" },
                "Deny SMP Passthrough" : { "$ref": "common-schema.json#/definitions/boolean-yes-no" },
                "Deny STP Passthrough" : { "$ref": "common-schema.json#/definitions/boolean-yes-no" },
                "Support more than 8 Phys" : { "$ref": "common-schema.json#/definitions/boolean-yes-no" },
                "FW and Event Time in GMT" : { "$ref": "common-schema.json#/definitions/boolean-yes-no" },
                "Support Enhanced Foreign Import" : { "$ref": "common-schema.json#/definitions/boolean-yes-no" },
                "Support Enclosure Enumeration" : { "$ref": "common-schema.json#/definitions/boolean-yes-no" },
                "Support Allowed Operations" : { "$ref": "common-schema.json#/definitions/boolean-yes-no" },
                "Abort CC on Error" : { "$ref": "common-schema.json#/definitions/boolean-yes-no" },
                "Support Multipath" : { "$ref": "common-schema.json#/definitions/boolean-yes-no" },
                "Support Odd & Even Drive count in RAID1E" : { "$ref": "common-schema.json#/definitions/boolean-yes-no" },
                "Support Security" : { "$ref": "common-schema.json#/definitions/boolean-yes-no" },
                "Support Config Page Model" : { "$ref": "common-schema.json#/definitions/boolean-yes-no" },
                "Support the OCE without adding drives" : { "$ref": "common-schema.json#/definitions/boolean-yes-no" },
                "Support EKM" : { "$ref": "common-schema.json#/definitions/boolean-yes-no" },
                "Snapshot Enabled" : { "$ref": "common-schema.json#/definitions/boolean-yes-no" },
                "Support PFK" : { "$ref": "common-schema.json#/definitions/boolean-yes-no" },
                "Support PI" : { "$ref": "common-schema.json#/definitions/boolean-yes-no" },
                "Support LDPI Type1" : { "$ref": "common-schema.json#/definitions/boolean-yes-no" },
                "Support LDPI Type2" : { "$ref": "common-schema.json#/definitions/boolean-yes-no" },
                "Support LDPI Type3" : { "$ref": "common-schema.json#/definitions/boolean-yes-no" },
                "Support Ld BBM Info" : { "$ref": "common-schema.json#/definitions/boolean-yes-no" },
                "Support Shield State" : { "$ref": "common-schema.json#/definitions/boolean-yes-no" },
                "Block SSD Write Disk Cache Change" : { "$ref": "common-schema.json#/definitions/boolean-yes-no" },
                "Support Suspend Resume BG ops" : { "$ref": "common-schema.json#/definitions/boolean-yes-no" },
                "Support Emergency Spares" : { "$ref": "common-schema.json#/definitions/boolean-yes-no" },
                "Support Set Link Speed" : { "$ref": "common-schema.json#/definitions/boolean-yes-no" },
                "Support Boot Time PFK Change" : { "$ref": "common-schema.json#/definitions/boolean-yes-no" },
                "Support JBOD" : { "$ref": "common-schema.json#/definitions/boolean-yes-no" },
                "Support SystemPD" : { "$ref": "common-schema.json#/definitions/boolean-yes-no" },
                "Disable Online PFK Change" : { "$ref": "common-schema.json#/definitions/boolean-yes-no" },
                "Support Perf Tuning" : { "$ref": "common-schema.json#/definitions/boolean-yes-no" },
                "Support SSD PatrolRead" : { "$ref": "common-schema.json#/definitions/boolean-yes-no" },
                "Real Time Scheduler" : { "$ref": "common-schema.json#/definitions/boolean-yes-no" },
                "Support Reset Now" : { "$ref": "common-schema.json#/definitions/boolean-yes-no" },
                "Support Emulated Drives" : { "$ref": "common-schema.json#/definitions/boolean-yes-no" },
                "Headless Mode" : { "$ref": "common-schema.json#/definitions/boolean-yes-no" },
                "Dedicated HotSpares Limited" : { "$ref": "common-schema.json#/definitions/boolean-yes-no" },
                "Point In Time Progress" : { "$ref": "common-schema.json#/definitions/boolean-yes-no" },
                "Extended LD" : { "$ref": "common-schema.json#/definitions/boolean-yes-no" },
                "Support Uneven span " : { "$ref": "common-schema.json#/definitions/boolean-yes-no" },
                "Support Config Auto Balance" : { "$ref": "common-schema.json#/definitions/boolean-yes-no" },
                "Support Maintenance Mode" : { "$ref": "common-schema.json#/definitions/boolean-yes-no" },
                "Support Diagnostic results" : { "$ref": "common-schema.json#/definitions/boolean-yes-no" },
                "Support Ext Enclosure" : { "$ref": "common-schema.json#/definitions/boolean-yes-no" },
                "Support Sesmonitoring" : { "$ref": "common-schema.json#/definitions/boolean-yes-no" },
                "Support SecurityonJBOD" : { "$ref": "common-schema.json#/definitions/boolean-yes-no" },
                "Support ForceFlash" : { "$ref": "common-schema.json#/definitions/boolean-yes-no" },
                "Support DisableImmediateIO" : { "$ref": "common-schema.json#/definitions/boolean-yes-no" },
                "Support LargeIOSupport" : { "$ref": "common-schema.json#/definitions/boolean-yes-no" },
                "Support DrvActivityLEDSetting" : { "$ref": "common-schema.json#/definitions/boolean-yes-no" },
                "Support FlushWriteVerify" : { "$ref": "common-schema.json#/definitions/boolean-yes-no" },
                "Support CPLDUpdate" : { "$ref": "common-schema.json#/definitions/boolean-yes-no" },
                "Support ForceTo512e" : { "$ref": "common-schema.json#/definitions/boolean-yes-no" },
                "Support discardCacheDuringLDDelete" : { "$ref": "common-schema.json#/definitions/boolean-yes-no" },
                "Support JBOD Write cache" : { "$ref": "common-schema.json#/definitions/boolean-yes-no" },
                "Support Large QD Support" : { "$ref": "common-schema.json#/definitions/boolean-yes-no" },
                "Support SRIOV Options" : { "$ref": "common-schema.json#/definitions/boolean-yes-no" },
                "Support Ctrl Info Extended" : { "$ref": "common-schema.json#/definitions/boolean-yes-no" },
                "Support IButton less" : { "$ref": "common-schema.json#/definitions/boolean-yes-no" },
                "Support AES Encryption Algorithm" : { "$ref": "common-schema.json#/definitions/boolean-yes-no" },
                "Support Encrypted MFC" : { "$ref": "common-schema.json#/definitions/boolean-yes-no" },
                "Support Snapdump" : { "$ref": "common-schema.json#/definitions/boolean-yes-no" },
                "Support Force Personality Change" : { "$ref": "common-schema.json#/definitions/boolean-yes-no" },
                "Support Dual Fw Image" : { "$ref": "common-schema.json#/definitions/boolean-yes-no" },
                "Support PSOC Update" : { "$ref": "common-schema.json#/definitions/boolean-yes-no" },
                "Support Secure Boot" : { "$ref": "common-schema.json#/definitions/boolean-yes-no" },
                "Support Debug Queue" : { "$ref": "common-schema.json#/definitions/boolean-yes-no" },
                "Support Least Latency Mode" : { "$ref": "common-schema.json#/definitions/boolean-yes-no" },
                "Support OnDemand Snapdump" : { "$ref": "common-schema.json#/definitions/boolean-yes-no" },
                "Support Clear Snapdump" : { "$ref": "common-schema.json#/definitions/boolean-yes-no" },
                "Support FW Triggered Snapdump" : { "$ref": "common-schema.json#/definitions/boolean-yes-no" },
                "Support PHY current speed" : { "$ref": "common-schema.json#/definitions/boolean-yes-no" },
                "Support Lane current speed" : { "$ref": "common-schema.json#/definitions/boolean-yes-no" },
                "Support NVMe Width" : { "$ref": "common-schema.json#/definitions/boolean-yes-no" },
                "Support Lane DeviceType" : { "$ref": "common-schema.json#/definitions/boolean-yes-no" },
                "Support Extended Drive performance Monitoring" : { "$ref": "common-schema.json#/definitions/boolean-yes-no" },
                "Support NVMe Repair" : { "$ref": "common-schema.json#/definitions/boolean-yes-no" },
                "Support Platform Security" : { "$ref": "common-schema.json#/definitions/boolean-yes-no" },
                "Support None Mode Params" : { "$ref": "common-schema.json#/definitions/boolean-yes-no" },
		            "Support SMP Passthru with Port Number" : { "$ref": "common-schema.json#/definitions/boolean-yes-no" }			
            },
            
            "additionalProperties": false,
            "required": [   "Abort CC on Error", 
                            "Alarm Control", 
                            "Allow Mixed Redundancy on Array", 
                            "BBU", 
                            "BGI Rate ", 
                            "Block SSD Write Disk Cache Change", 
                            "CC Rate", 
                            "Cluster Support", 
                            "Dedicated Hot Spare", 
                            "Dedicated HotSpares Limited", 
                            "Deny SCSI Passthrough", 
                            "Deny SMP Passthrough", 
                            "Deny STP Passthrough", 
                            "Disable Online PFK Change", 
                            "Extended LD", 
                            "FW and Event Time in GMT", 
                            "Foreign Config Import", 
                            "Global Hot Spares", 
                            "Headless Mode", 
                            "Patrol Read Rate", 
                            "Point In Time Progress", 
                            "Real Time Scheduler", 
                            "Rebuild Rate", 
                            "Self Diagnostic", 
                            "Snapshot Enabled", 
                            "Spanning", 
                            "Support Allowed Operations", 
                            "Support Boot Time PFK Change", 
                            "Support CPLDUpdate", 
                            "Support Config Auto Balance", 
                            "Support Config Page Model", 
                            "Support Diagnostic results", 
                            "Support DisableImmediateIO", 
                            "Support DrvActivityLEDSetting", 
                            "Support EKM", 
                            "Support Emergency Spares", 
                            "Support Emulated Drives", 
                            "Support Enclosure Enumeration", 
                            "Support Enhanced Foreign Import", 
                            "Support Ext Enclosure", 
                            "Support FlushWriteVerify", 
                            "Support ForceFlash", 
                            "Support ForceTo512e", 
                            "Support JBOD Write cache", 
                            "Support Large QD Support", 
                            "Support LargeIOSupport", 
                            "Support Ld BBM Info", 
                            "Support Maintenance Mode", 
                            "Support Multipath", 
                            "Support Odd & Even Drive count in RAID1E", 
                            "Support PFK", 
                            "Support PI", 
                            "Support Perf Tuning", 
                            "Support Reset Now", 
                            "Support SSD PatrolRead", 
                            "Support Security", 
                            "Support SecurityonJBOD", 
                            "Support Sesmonitoring", 
                            "Support Set Link Speed", 
                            "Support Shield State", 
                            "Support Suspend Resume BG ops", 
                            "Support Uneven span ", 
                            "Support discardCacheDuringLDDelete", 
                            "Support more than 8 Phys", 
                            "Support the OCE without adding drives",
                            "Support Ctrl Info Extended",
                            "Support IButton less",
                            "Support AES Encryption Algorithm",
                            "Support Encrypted MFC"
                        ]
        },
        "enterprise_key_management" : {
            "type": "object",
            "properties": {
                "Capability" : { "type": "string", "enum": [ "Supported", "Not Supported" ] },
                "Boot Agent" : { "type": "string", "enum": [ "Available", "Not Available" ] },
                "Configured" : { "$ref": "common-schema.json#/definitions/boolean-yes-no" }
            },
            "additionalProperties": false,
            "required": [   "Capability", 
                            "Boot Agent",
                            "Configured"
						]
        },
        "supported-pd-operations" : {
            "type": "object",
            "properties": {
                "Force Online" : { "$ref": "common-schema.json#/definitions/boolean-yes-no" },
                "Force Offline" : { "$ref": "common-schema.json#/definitions/boolean-yes-no" },
                "Force Rebuild" : { "$ref": "common-schema.json#/definitions/boolean-yes-no" },
                "Deny Force Failed" : { "$ref": "common-schema.json#/definitions/boolean-yes-no" },
                "Deny Force Good/Bad" : { "$ref": "common-schema.json#/definitions/boolean-yes-no" },
                "Deny Missing Replace" : { "$ref": "common-schema.json#/definitions/boolean-yes-no" },
                "Deny Clear" : { "$ref": "common-schema.json#/definitions/boolean-yes-no" },
                "Deny Locate" : { "$ref": "common-schema.json#/definitions/boolean-yes-no" },
                "Support Power State" : { "$ref": "common-schema.json#/definitions/boolean-yes-no" },
                "Set Power State For Cfg" : { "$ref": "common-schema.json#/definitions/boolean-yes-no" },
                "Support T10 Power State" : { "$ref": "common-schema.json#/definitions/boolean-yes-no" },
                "Support Temperature" : { "$ref": "common-schema.json#/definitions/boolean-yes-no" },
                "NCQ" : { "$ref": "common-schema.json#/definitions/boolean-yes-no" },
                "Support Max Rate SATA" : { "$ref": "common-schema.json#/definitions/boolean-yes-no" },
                "Support Degraded Media" : { "$ref": "common-schema.json#/definitions/boolean-yes-no" },
                "Support Parallel FW Update" : { "$ref": "common-schema.json#/definitions/boolean-yes-no" },
                "Support Drive Crypto Erase" : { "$ref": "common-schema.json#/definitions/boolean-yes-no" },
                "Support SSD Wear Gauge" : { "$ref": "common-schema.json#/definitions/boolean-yes-no" }
            },
            "additionalProperties": false,
            "required": [   "Deny Clear", 
                            "Deny Force Failed", 
                            "Deny Force Good/Bad", 
                            "Deny Locate", 
                            "Deny Missing Replace", 
                            "Force Offline", 
                            "Force Online", 
                            "Force Rebuild", 
                            "NCQ", 
                            "Set Power State For Cfg", 
                            "Support Max Rate SATA", 
                            "Support Power State", 
                            "Support T10 Power State", 
                            "Support Temperature", 
                            "Support Degraded Media",
                            "Support Parallel FW Update",
                            "Support Drive Crypto Erase"
               ]
            
        },
        "supported-vd-operations" : {
            "type": "object",
            "properties": {
                    "Read Policy" : { "$ref": "common-schema.json#/definitions/boolean-yes-no" },
                    "Write Policy" : { "$ref": "common-schema.json#/definitions/boolean-yes-no" },
                    "IO Policy" : { "$ref": "common-schema.json#/definitions/boolean-yes-no" },
                    "Access Policy" : { "$ref": "common-schema.json#/definitions/boolean-yes-no" },
                    "Disk Cache Policy" : { "$ref": "common-schema.json#/definitions/boolean-yes-no" },
                    "Reconstruction" : { "$ref": "common-schema.json#/definitions/boolean-yes-no" },
                    "Deny Locate" : { "$ref": "common-schema.json#/definitions/boolean-yes-no" },
                    "Deny CC" : { "$ref": "common-schema.json#/definitions/boolean-yes-no" },
                    "Allow Ctrl Encryption" : { "$ref": "common-schema.json#/definitions/boolean-yes-no" },
                    "Enable LDBBM" : { "$ref": "common-schema.json#/definitions/boolean-yes-no" },
                    "Support FastPath" : { "$ref": "common-schema.json#/definitions/boolean-yes-no" },
                    "Performance Metrics" : { "$ref": "common-schema.json#/definitions/boolean-yes-no" },
                    "Power Savings" : { "$ref": "common-schema.json#/definitions/boolean-yes-no" },
                    "Support Powersave Max With Cache" : { "$ref": "common-schema.json#/definitions/boolean-yes-no" },
                    "Support Breakmirror" : { "$ref": "common-schema.json#/definitions/boolean-yes-no" },
                    "Support SSC WriteBack" : { "$ref": "common-schema.json#/definitions/boolean-yes-no" },
                    "Support SSC Association" : { "$ref": "common-schema.json#/definitions/boolean-yes-no" },
                    "Support VD Hide" : { "$ref": "common-schema.json#/definitions/boolean-yes-no" },
                    "Support VD Cachebypass" : { "$ref": "common-schema.json#/definitions/boolean-yes-no" },
                    "Support VD discardCacheDuringLDDelete" : { "$ref": "common-schema.json#/definitions/boolean-yes-no" },
                    "Support VD Scsi Unmap" : { "$ref": "common-schema.json#/definitions/boolean-yes-no" }
            },
            "additionalProperties": false,
            "required": [   "Read Policy",
                            "Write Policy",
                            "IO Policy",
                            "Access Policy",
                            "Disk Cache Policy",
                            "Reconstruction",
                            "Deny Locate",
                            "Deny CC",
                            "Allow Ctrl Encryption",
                            "Enable LDBBM",
                            "Support FastPath",
                            "Performance Metrics",
                            "Power Savings",
                            "Support Powersave Max With Cache",
                            "Support Breakmirror",
                            "Support SSC WriteBack",
                            "Support SSC Association",
                            "Support VD Hide",
                            "Support VD Cachebypass",
                            "Support VD discardCacheDuringLDDelete",
                            "Support VD Scsi Unmap"
                        ]
        },
        "advanced-software-operations": { "$ref": "controller-ASO-schema.json#/definitions/premium-feature-key" },
        "safe-id": { "type": "string", "pattern": "^ ([0-9A-Z]){0,40}?$" },
        "hwcfg": {
            "type": "object",
            "properties": {
                "ChipRevision" :  { "$ref": "common-schema.json#/definitions/chip-revision" },
                "BatteryFRU" : { "$ref": "common-schema.json#/definitions/battery-fru" },
                "Front End Port Count" : { "$ref": "common-schema.json#/definitions/port-count" },
                "Backend Port Count" : { "$ref": "common-schema.json#/definitions/port-count" },
                "BBU" : { "$ref": "common-schema.json#/definitions/present-absent" },
                "Alarm" : { "type": "string", "enum": [ "Disable", "On", "Silent", "Absent", "Unknown" ] },
                "Serial Debugger" : { "$ref": "common-schema.json#/definitions/present-absent" },
                "NVRAM Size" : { "$ref": "common-schema.json#/definitions/size" },
                "Flash Size" : { "$ref": "common-schema.json#/definitions/size" },
                "On Board Memory Size" : { "$ref": "common-schema.json#/definitions/size" },
                "CacheVault Flash Size" : { "$ref": "common-schema.json#/definitions/size" },
                "TPM" : { "$ref": "common-schema.json#/definitions/present-absent" },
                "Upgrade Key" : { "$ref": "common-schema.json#/definitions/present-absent" },
                "On Board Expander" : { "$ref": "common-schema.json#/definitions/present-absent" },
                "Temperature Sensor for ROC" : { "$ref": "common-schema.json#/definitions/present-absent" },
                "Temperature Sensor for Controller" : { "$ref": "common-schema.json#/definitions/present-absent" },
                "Upgradable CPLD" : { "$ref": "common-schema.json#/definitions/present-absent" },
                "Upgradable PSOC" : { "$ref": "common-schema.json#/definitions/present-absent" },
                "Current Size of CacheCade (GB)" : { "$ref": "common-schema.json#/definitions/cachecade-size" },
                "Current Size of FW Cache (MB)" : { "$ref": "common-schema.json#/definitions/fw-cache-size" },
                "ROC temperature(Degree Celsius)" : { "$ref": "common-schema.json#/definitions/temperature" },
                "Ctrl temperature(Degree Celsius)" : { "$ref": "common-schema.json#/definitions/temperature" }
            }, 
            "additionalProperties": false,
            "required": [
                            "ChipRevision",
                            "BatteryFRU",
                            "Front End Port Count",
                            "Backend Port Count",
                            "BBU",
                            "Alarm",
                            "Serial Debugger",
                            "NVRAM Size",
                            "Flash Size",
                            "On Board Memory Size",
                            "CacheVault Flash Size",
                            "TPM",
                            "Upgrade Key",
                            "On Board Expander",
                            "Temperature Sensor for ROC",
                            "Temperature Sensor for Controller",
                            "Upgradable CPLD",
                            "Current Size of CacheCade (GB)",
                            "Current Size of FW Cache (MB)"
                        ]
        },
        "boot" : {
            "type": "object",
            "properties": {
                "BIOS Enumerate VDs": {"type": "number", "minimum": 0, "maximum": 255},
                "Stop BIOS on Error": { "$ref": "common-schema.json#/definitions/boolean-on-off" },
                "Delay during POST": {"type": "number", "minimum": 0, "maximum": 105},
                "Spin Down Mode": {"type": "string", "enum": ["None", "Internal Only", "external only", "all"]},
                "Enable Ctrl-R": { "$ref": "common-schema.json#/definitions/boolean-yes-no" },
                "Enable Web BIOS": { "$ref": "common-schema.json#/definitions/boolean-yes-no" },
                "Enable PreBoot CLI": { "$ref": "common-schema.json#/definitions/boolean-yes-no" },
                "Enable BIOS": { "$ref": "common-schema.json#/definitions/boolean-yes-no" },
                "Max Drives to Spinup at One Time": { "$ref": "common-schema.json#/definitions/max-drives-to-spinup-at-one-time" },
                "Maximum number of direct attached drives to spin up in 1 min": { "$ref": "common-schema.json#/definitions/maximum-number-of-direct-attached-drives-to-spin-up-in-1-min" },
                "Delay Among Spinup Groups (sec)": { "$ref": "common-schema.json#/definitions/delay-among-spinup-groups" },
                "Allow Boot with Preserved Cache": { "$ref": "common-schema.json#/definitions/allow-boot-with-preserved-cache" }
            },
            "additionalProperties": false,
            "required": [
                "BIOS Enumerate VDs",
                "Stop BIOS on Error",
                "Delay during POST",
                "Spin Down Mode",
                "Enable Ctrl-R",
                "Enable Web BIOS",
                "Enable PreBoot CLI",
                "Enable BIOS",
                "Max Drives to Spinup at One Time",
                "Maximum number of direct attached drives to spin up in 1 min",
                "Delay Among Spinup Groups (sec)",
                "Allow Boot with Preserved Cache"
            ]
        },
        "high-availability": {
            "type": "object",
            "properties": {
                "Topology Type": {"type": "string", "enum": ["Server Storage Cluster", "None"]},
                "Cluster Permitted" : { "$ref": "common-schema.json#/definitions/boolean-yes-no" },
                "Cluster Active" : { "$ref": "common-schema.json#/definitions/boolean-yes-no" },
                "Domain Id" : {"type": "string"},
                "Peer Controller Status" : {"type": "string"},
                "Maximum Controller Nodes" : {"type": "number", "minimum": 0},
                "ConfigAutoBalance" : {"type": "string", "enum": ["Enable", "Disable"]},
                "Configuration Auto Balance" : {"type": "string"}
            },
            "additionalProperties": false,
            "required": [
                          "Topology Type"
                        ]
        },
        "defaults": {
            "type": "object",
            "properties": {
                "Phy Polarity" : {"type": "number", "minimum": 0},
                "Phy PolaritySplit" : {"type": "number", "minimum": 0},
                "Strip Size" : { "$ref": "common-schema.json#/definitions/size" },
                "Write Policy" : {"type": "string", "enum": ["WT", "WB", "Adaptive"] },
                "Read Policy" : {"type": "string", "enum": ["RA", "No Read Ahead", "Adaptive"] },
                "Cache When BBU Bad" : { "$ref": "common-schema.json#/definitions/boolean-on-off" },
                "Cached IO" : { "$ref": "common-schema.json#/definitions/boolean-on-off" },
                "VD PowerSave Policy" : {"type": "string", "enum": ["Automatic", "Maximum with caching", "Maximum", "Maximum without caching", "Controller Defined", "None"] }, 
                "Default spin down time (mins)" : {"type": "number", "minimum": 0},
                "Coercion Mode" : { "$ref": "common-schema.json#/definitions/size" },
                "ZCR Config" : {"type": "string", "enum": ["Unknown", "RADIOS", "IDSEL"]},
                "Max Chained Enclosures" : {"type": "number", "minimum": 0},
                "Direct PD Mapping" : { "$ref": "common-schema.json#/definitions/boolean-yes-no" },
                "Restore Hot Spare on Insertion" : { "$ref": "common-schema.json#/definitions/boolean-yes-no" },
                "Expose Enclosure Devices" : { "$ref": "common-schema.json#/definitions/boolean-yes-no" },
                "Maintain PD Fail History" : { "$ref": "common-schema.json#/definitions/boolean-yes-no" },
                "Zero Based Enclosure Enumeration" : { "$ref": "common-schema.json#/definitions/boolean-yes-no" },
                "Disable Puncturing" : { "$ref": "common-schema.json#/definitions/boolean-yes-no" },
                "EnableLDBBM" : { "$ref": "common-schema.json#/definitions/boolean-yes-no" },
                "DisableHII" : { "$ref": "common-schema.json#/definitions/boolean-yes-no" },
                "Un-Certified Hard Disk Drives" : {"type": "string", "enum": ["Block", "Allow", "Warn & Allow"] }, 
                "SMART Mode" : { "$ref": "common-schema.json#/definitions/smart-mode" }, 
                "Enable LED Header" : { "$ref": "common-schema.json#/definitions/boolean-yes-no" },
                "LED Show Drive Activity" : { "$ref": "common-schema.json#/definitions/boolean-yes-no" },
                "Dirty LED Shows Drive Activity" : { "$ref": "common-schema.json#/definitions/boolean-yes-no" },
                "EnableCrashDump" : { "$ref": "common-schema.json#/definitions/boolean-yes-no" },
                "Disable Online Controller Reset" : { "$ref": "common-schema.json#/definitions/boolean-yes-no" },
                "Treat Single span R1E as R10" : { "$ref": "common-schema.json#/definitions/boolean-yes-no" },
                "Power Saving option" : { "$ref": "common-schema.json#/definitions/enable-disable" },
                "TTY Log In Flash" : { "$ref": "common-schema.json#/definitions/boolean-yes-no" },
                "Auto Enhanced Import" : { "$ref": "common-schema.json#/definitions/boolean-yes-no" },
                "BreakMirror RAID Support" : { "type": "string", "enum": ["No", "supported for all redundant RAID levels", "single span R1", "all R1 and R10 combinations", "N/A" ]  },
                "Disable Join Mirror" : { "$ref": "common-schema.json#/definitions/boolean-yes-no" },
                "Enable Shield State" : { "$ref": "common-schema.json#/definitions/boolean-yes-no" },
                "Time taken to detect CME" : { "$ref": "common-schema.json#/definitions/time-sec" }
            },
            "additionalProperties": false,
            "required": [
                            "Phy Polarity",
                            "Phy PolaritySplit",
                            "Strip Size",
                            "Write Policy",
                            "Read Policy",
                            "Cache When BBU Bad",
                            "Cached IO",
                            "VD PowerSave Policy",
                            "Default spin down time (mins)",
                            "Coercion Mode",
                            "ZCR Config",
                            "Max Chained Enclosures",
                            "Direct PD Mapping",
                            "Restore Hot Spare on Insertion",
                            "Expose Enclosure Devices",
                            "Maintain PD Fail History",
                            "Zero Based Enclosure Enumeration",
                            "Disable Puncturing",
                            "EnableLDBBM",
                            "DisableHII",
                            "Un-Certified Hard Disk Drives", 
                            "SMART Mode", 
                            "Enable LED Header",
                            "LED Show Drive Activity",
                            "Dirty LED Shows Drive Activity",
                            "EnableCrashDump",
                            "Disable Online Controller Reset",
                            "Treat Single span R1E as R10",
                            "Power Saving option",
                            "TTY Log In Flash",
                            "Auto Enhanced Import",
                            "BreakMirror RAID Support",
                            "Disable Join Mirror",
                            "Enable Shield State",
                            "Time taken to detect CME"
                    ]
        },
        "capabilities": {
            "type": "object",
            "properties": {
                "Supported Drives" : { "$ref": "common-schema.json#/definitions/supported-drives" },
                "RAID Level Supported" : { 
                    "oneOf": [
                        {"type": "string", "pattern": "^(RAID(\\d{1}|\\d{2}))" },
                        {"type": "string", "pattern": "^(PRL 11)" },
                        {"type": "string", "pattern": "^(SRL 3)" },
                        {"type": "string", "pattern": "^(PRL11-RLQ0 DDF)" }
                ]},
                "Enable JBOD" : { "$ref": "common-schema.json#/definitions/boolean-yes-no" },
                "Enable SystemPD" : { "$ref": "common-schema.json#/definitions/boolean-yes-no" },
                "Mix in Enclosure" : { "$ref": "common-schema.json#/definitions/allowed-notallowed" },
                "Mix of SAS/SATA of HDD type in VD" : { "$ref": "common-schema.json#/definitions/allowed-notallowed" },
                "Mix of SAS/SATA of SSD type in VD" : { "$ref": "common-schema.json#/definitions/allowed-notallowed" },
                "Mix of SSD/HDD in VD" : { "$ref": "common-schema.json#/definitions/allowed-notallowed" },
                "SAS Disable" : { "$ref": "common-schema.json#/definitions/boolean-yes-no" },
                "Max Arms Per VD" : {"type": "number", "minimum": 0},
                "Max Spans Per VD" : {"type": "number", "minimum": 0},
                "Max Arrays" : {"type": "number", "minimum": 0},
                "Max VD per array" : {"type": "number", "minimum": 0},
                "Max Number of VDs" : {"type": "number", "minimum": 0},
                "Max Parallel Commands" : {"type": "number", "minimum": 0},
                "Max SGE Count" : {"type": "number", "minimum": 0},
                "Max Data Transfer Size" : {"type": "string"},
                "Max Strips PerIO" : {"type": "number", "minimum": 0},
                "Max Configurable CacheCade Size(GB)" : {"type": "number", "minimum": 0},
                "Max Transportable DGs" : {"type": "number", "minimum": 0},
                "Enable Snapdump" : { "$ref": "common-schema.json#/definitions/boolean-yes-no" },
                "Enable SCSI Unmap" : { "$ref": "common-schema.json#/definitions/boolean-yes-no" },
                "FDE Drive Mix Support" : { "$ref": "common-schema.json#/definitions/boolean-yes-no" },
                "Min Strip Size" : { "$ref": "common-schema.json#/definitions/size" },
                "Max Strip Size" : { "$ref": "common-schema.json#/definitions/size" }
        },
        "additionalProperties": false,
        "required": [
                        "Supported Drives",
                        "RAID Level Supported",
                        "Mix in Enclosure",
                        "Mix of SAS/SATA of HDD type in VD",
                        "Mix of SAS/SATA of SSD type in VD",
                        "Mix of SSD/HDD in VD",
                        "SAS Disable",
                        "Max Arms Per VD",
                        "Max Spans Per VD",
                        "Max Arrays",
                        "Max VD per array",
                        "Max Number of VDs",
                        "Max Parallel Commands",
                        "Max SGE Count",
                        "Max Data Transfer Size",
                        "Max Strips PerIO",
                        "Max Configurable CacheCade Size(GB)",
                        "Max Transportable DGs",
                        "Min Strip Size",
                        "Max Strip Size"
                    ]
        }, 
        "scheduled-tasks": {
            "type": "object",
            "properties": {
                "Consistency Check Reoccurrence" : {"type": "string", "pattern": "^((\\d{1}|\\d{2}|\\d{3}|\\d{4}|\\d{5}) hrs|Continuous)?$"},
                "Next Consistency check launch" : { "type": "string", "pattern": "^(((0[1-9]|1[0-2])/(0[1-9]|1\\d|2\\d|3[01])/(19|20|21)\\d{2}, (([0-1]?[0-9])|([2][0-3])):00:00)|NA)?$"},
                "Patrol Read Reoccurrence" : {"type": "string", "pattern": "^((\\d{1}|\\d{2}|\\d{3}|\\d{4}|\\d{5}) hrs|Continuous|Unknown)?$"},
                "Next Patrol Read launch" : { "type": "string", "pattern": "^((0[1-9]|1[0-2])/(0[1-9]|1\\d|2\\d|3[01])/(19|20|30)\\d{2}, (([0-1]?[0-9])|([2][0-3])):00:00)?$"},
                "Battery learn Reoccurrence" : {"type": "string", "pattern": "^((\\d{1}|\\d{2}|\\d{3}|\\d{4}|\\d{5}) hrs|NA)?$"},
                "Next Battery Learn" : { "type": "string", "pattern": "^(((0[1-9]|1[0-2])/(0[1-9]|1\\d|2\\d|3[01])/(19|20|30)\\d{2}, (([0-1]?[0-9])|([2][0-3])):00:00)?)|NA$"},
                "OEMID" : {"type": "string", "enum": ["Unknown", "LSI", "Dell", "HP", "Hitachi", "NEC", "Intel", "Lenovo", "Toshiba", "FSC", "SoftLayer", "AVAGO", "BROADCOM", "Broadcom"] }
            },
            "additionalProperties": false,
            "required": [
                "Consistency Check Reoccurrence",
                "Next Consistency check launch",
                "Patrol Read Reoccurrence",
                "Next Patrol Read launch",
                "Battery learn Reoccurrence",
                "OEMID"
            ]
        },
        "secure-boot":{
            "type": "object",
            "properties": {
            "Secure Boot Enabled" : { "$ref": "common-schema.json#/definitions/boolean-yes-no" },
            "Controller in Soft Secure Mode" : { "$ref": "common-schema.json#/definitions/boolean-yes-no" },
            "Controller in Hard Secure Mode" : { "$ref": "common-schema.json#/definitions/boolean-yes-no" },
            "Key Update Pending" : { "$ref": "common-schema.json#/definitions/boolean-yes-no" },
            "Remaining Secure Boot Key Slots" : { "type": "number", "minimum": 0 }
            },
            "additionalProperties": false,
            "required": [
                "Secure Boot Enabled",
                "Controller in Soft Secure Mode",
                "Controller in Hard Secure Mode",
                "Key Update Pending",
                "Remaining Secure Boot Key Slots"                
            ]
        },
        "secprotprop": {
            "type": "object",
            "properties": {
                "Security Protocol" : {"type": "string"},
                "Slot Group count" : {"type": "number", "minimum": 0},
                "Slot count" : {"type": "number", "minimum": 0},
                "Number of Measurement Algorithm Records" : {"type": "number", "minimum": 0},
				"Measurement Algorithms" : { "$ref": "common-schema.json#/definitions/measalgos" },
                "Number of Certificate algorithm records" : {"type": "number", "minimum": 0},
                "Certificate Algorithms" : { "$ref": "common-schema.json#/definitions/certalgos" }
            },
            "additionalProperties": false,
            "required": [
                            "Security Protocol"
                        ]
        },
        "pd-list": {
            "type": "array",
            "items": {"$ref": "enclosure-drive-schema.json#/definitions/driveInfromation"},
            "minItems": 1,
            "uniqueItems": false
        }
    }
}