{
    "id": "file:///home/JSON-SCHEMA-FILES/mr-controller-schema.json#",
    "$schema": "http://json-schema.org/draft-04/schema#",
    "title": "Controller Show",
    "description": "Controller properties show - version 0.4",

    "definitions": {
        "mr-controller-properties": {
            "type": "object", 
            "properties": {
                "Product Name" : { "$ref": "common-schema.json#/definitions/product-name" },
                "Serial Number" : { "$ref": "common-schema.json#/definitions/serial-number" },
                "PCI Slot Number" : { "type": "number", "minimum": 0, "maximum": 255 },
                "SAS Address" : { "$ref": "common-schema.json#/definitions/sas-address" },
                "PCI Address" : { "$ref": "common-schema.json#/definitions/pci-address" },
                "System Time" : { "$ref": "common-schema.json#/definitions/mm-dd-yyyy-hh-mm-ss" },
                "Mfg. Date" : { "$ref": "common-schema.json#/definitions/mm-dd-yyyy" },
                "Controller Time" : { "$ref": "common-schema.json#/definitions/mm-dd-yyyy-hh-mm-ss" },
                "FW Package Build" : { "$ref": "common-schema.json#/definitions/fw-package-build" },
                "BIOS Version" : { "$ref": "common-schema.json#/definitions/bios-version" },
                "FW Version" : { "$ref": "common-schema.json#/definitions/fw-version" },
                "Driver Name" : { "$ref": "common-schema.json#/definitions/driver-name" },
                "Driver Version" : { "$ref": "common-schema.json#/definitions/driver-version" },
                "Current Personality" : { "$ref": "common-schema.json#/definitions/personality" },
                "Vendor Id" : { "$ref": "common-schema.json#/definitions/vendor-id" },
                "Device Id" : { "$ref": "common-schema.json#/definitions/device-id" },
                "SubVendor Id" : { "$ref": "common-schema.json#/definitions/subvendor-id" },
                "SubDevice Id" : { "$ref": "common-schema.json#/definitions/subdevice-id" },
                "Host Interface" : { "$ref": "common-schema.json#/definitions/host-interface" },
                "Device Interface" : { "$ref": "common-schema.json#/definitions/device-interface" },
                "Bus Number" : { "$ref": "common-schema.json#/definitions/bus-number" },
                "Device Number" : { "$ref": "common-schema.json#/definitions/device-number" },
                "Function Number" : { "$ref": "common-schema.json#/definitions/function-number" },
                "Domain ID" : { "$ref": "common-schema.json#/definitions/domain-id" },
                "Security Protocol" : {"type": "string"},
                "JBOD Drives" : { "type": "number", "minimum": 1, "maximum": 256 },
                "JBOD LIST" : { "$ref": "jbod-list-schema.json#/definitions/jbod-list" },
                "FOREIGN CONFIGURATION": { "$ref": "foreign-configuration-schema.json#/definitions/foreign-configuration" },
                "Total foreign Drive Groups": { "$ref": "foreign-configuration-schema.json#/definitions/total-foreign-drive-groups" },
                "Total Locked Foreign PDs": { "$ref": "foreign-configuration-schema.json#/definitions/total-locked-foreign-pds" },
                "Drive Groups": { "$ref": "drive-group-schema.json#/definitions/number-of-dgs" },
                "TOPOLOGY": { "$ref": "drive-group-schema.json#/definitions/topology" },
                "Virtual Drives": { "$ref": "virtual-drive-config-schema.json#/definitions/number-of-vds" },
                "VD LIST": { "$ref": "virtual-drive-config-schema.json#/definitions/virtual-drives" },
                "Physical Drives": { "$ref": "enclosure-drive-schema.json#/definitions/number-of-pds" },
                "PD LIST": { "$ref": "enclosure-drive-schema.json#/definitions/drive-information" }, 
                "Enclosures" : { "type": "number", "minimum": 0 },
                "Enclosure LIST": { "$ref": "enclosure-schema.json#/definitions/enclosure-information" }, 
                "Cachevault_Info": { "$ref": "cache-vault-schema.json#/definitions/cachevault-info" }
            },
            "additionalProperties": false, 
            "required": [ "Product Name",
                          "Serial Number",
                          "SAS Address",
                          "PCI Address",
                          "System Time",
                          "Mfg. Date",
                          "Controller Time",
                          "FW Package Build",
                          "BIOS Version",
                          "FW Version",
                          "Driver Name",
                          "Driver Version",
                          "Vendor Id",
                          "Device Id",
                          "SubVendor Id",
                          "SubDevice Id",
                          "Host Interface",
                          "Device Interface",
                          "Bus Number",
                          "Device Number",
                          "Function Number",
                          "Domain ID"
            ]
        }
    }
}