{
    "id": "file:///home/JSON-SCHEMA-FILES/status-schema.json#",
    "$schema": "http://json-schema.org/draft-04/schema#",
    "title": "Generic status response",
    "description": "System status response - version 0.3",
    
    "definitions": {
        "status": {
            "type": "object",
            "properties": {
                "CLI Version":      { "type": "string" },
                "Operating system": { "type": "string" },
                "Controller":       { "type": "number" },
                "Status":           { "$ref": "common-schema.json#/definitions/status-messages" },
                "Description":      { "type": "string" },
                "Detailed Status":  { "$ref": "#/definitions/detailedStatus" }
                },
                "additionalProperties": false,
                "required": [ "Status", 
                              "Description" ]
        },
    "show-cmd-status":{
        "type": "object",
        "properties": {
            "CLI Version":      { "type": "string" },
                    "Operating system": { "type": "string" },
                "Status Code":      { "type": "number" },
                "Status":           { "type": "string" },
                "Description":      { "type": "string" }
                },
             "additionalProperties": false,
             "required" : [ "CLI Version" , "Operating system", "Status", "Description", "Status Code" ]
    },
        "detailedStatus": {
            "type": "array",
            "items": { "$ref": "#/definitions/detail" },
            "minItems": 1,
            "uniqueItems": false
        },
        "detail": {
            "oneOf": [ 
                { "$ref": "#/definitions/drive-status" },
		        { "$ref": "#/definitions/phy-status" },
                { "$ref": "#/definitions/mux-show-detailed-status" },
                { "$ref": "#/definitions/lanespeed-detailed-status" },
                { "$ref": "jbod-detailed-status.json#/definitions/jbod-bootdrive-detailed-status" },
                { "$ref": "jbod-detailed-status.json#/definitions/jbod-drive-detailed-status" },
                { "$ref": "jbod-detailed-status.json#/definitions/jbod-add-detailed-status" },
                { "$ref": "jbod-detailed-status.json#/definitions/jbod-delete-detailed-status" },
                { "$ref": "#/definitions/virtual-drive-detailed-status" },
                { "$ref": "#/definitions/virtual-drive-config-status" },
                { "$ref": "#/definitions/virtual-drive-delete-status" },
                { "$ref": "#/definitions/virtual-drive-operation-status" },
                { "$ref": "#/definitions/virtual-drive-set-status" },
                { "$ref": "#/definitions/virtual-drive-expand-status" },
                { "$ref": "#/definitions/virtual-drive-bbmt-status" },
                { "$ref": "#/definitions/drive-group-detailed-status" },
                { "$ref": "#/definitions/drive-group-property-detailed-status" },
                { "$ref": "#/definitions/start-diag-detailed-status" },
                { "$ref": "#/definitions/enclosure-detailed-status" },
                { "$ref": "#/definitions/controller-phyerrorcounters-reset-status" },
                { "$ref": "#/definitions/general-error-case-message-1" },
                { "$ref": "#/definitions/general-error-case-message-2" },
                { "$ref": "#/definitions/general-error-case-message-3" },
                { "$ref": "#/definitions/general-error-case-message-4" },
                { "$ref": "#/definitions/general-error-case-message-5" },
                { "$ref": "#/definitions/general-error-case-message-6" }, 
                { "$ref": "#/definitions/general-error-case-message-7" },
                { "$ref": "#/definitions/general-error-case-message-8" },
                { "$ref": "#/definitions/general-error-case-message-9" }
            ]
        }, 
        "mux-show-detailed-status": {
            "type": "object",
            "properties": {
                "Ctrl":{ "type": "number", "minimum": 0 },
                "Status":{ "$ref": "common-schema.json#/definitions/status-messages" },
                "Modecount_No":{ "type": "number", "minimum": 0 },
                "ErrMsg": { "type": "string" },
                "ErrCd": { "$ref": "#/definitions/errcode" },
                "Value": { "type": "string" }
            },
            "additionalProperties": false,
            "required":["Ctrl","Status","Modecount_No"]
        },
        "lanespeed-detailed-status" : {
            "type": "object",
            "properties": {
                "Ctrl" : { "type": "number", "minimum": 0 },
                "Status" : { "$ref": "common-schema.json#/definitions/status-messages" },
                "Lane No" : { "type": "number", "minimum": 0 },
                "LaneSpeed" : {  "$ref": "common-schema.json#/definitions/lane-speed" },
                "ErrMsg" : { "$ref": "#/definitions/errmsg" },
                "ErrCd" : { "$ref": "#/definitions/errcode" }
            },
            "additionalProperties": false,
            "required": [ "Ctrl", "Status", "Lane No", "ErrMsg","ErrCd" ]
        },
        "drive-status": {
            "type": "object",
            "properties": {
                "Drive": {"$ref": "common-schema.json#/definitions/driveSyntax" },
                "Status": {"$ref": "common-schema.json#/definitions/status-messages"},
                "ErrCd": { "$ref": "#/definitions/errcode" },
                "ErrMsg": { "$ref": "#/definitions/errmsg" }
            },
            "additionalProperties": false,
            "required": [ "Drive", "Status", "ErrCd", "ErrMsg" ]
        },
	"phy-status": {
            "type": "object",
            "properties": {
                "Phy": {"type":"string" },
                "Status": {"$ref": "common-schema.json#/definitions/status-messages"},
                "ErrCd": { "$ref": "#/definitions/errcode" },
                "ErrMsg": { "$ref": "#/definitions/errmsg" }
            },
            "additionalProperties": false,
            "required": [ "Phy", "Status", "ErrCd", "ErrMsg" ]
        },
        "virtual-drive-detailed-status": {
            "type": "object",
            "properties": {     
                "VD": { "type": "number", "minimum": 0 },
                "Status": { "$ref": "common-schema.json#/definitions/status-messages" },
                "ErrCd": { "$ref": "#/definitions/errcode" },
                "ErrMsg": { "$ref": "#/definitions/errmsg" }
            },
            "additionalProperties": false,
            "required": [ "VD", "Status", "ErrCd", "ErrMsg" ]
        },
        "virtual-drive-delete-status": {
            "type": "object",
            "properties": {     
                "VD": { "type": "number", "minimum": 0 },
                "ErrCd": { "$ref": "#/definitions/errcode" },
                "Status": { "type": "string" }
            },
            "additionalProperties": false,
            "required": [ "VD", "ErrCd", "Status" ]
        },
        "virtual-drive-config-status": {
            "type": "object",
            "properties": {
                "VD": { "$ref": "common-schema.json#/definitions/size" },
                "ErrCd": { "$ref": "#/definitions/errcode" },
                "Status": { "type": "string", "enum": [ "Success","Failed"] },
                "Description": { "type": "string" }
            },
            "additionalProperties": false,
            "required": [ "VD", "ErrCd"]
        },
        "virtual-drive-operation-status": {
            "type": "object",
            "properties": {
                "VD": { "type": "number", "minimum": 0  },
                "Operation": {"type": "string", "enum": [ "BGI", "INIT", "CC", "ERASE", "Migrate", "MIGRATE", "Delete", "-" ]},
                "Status": { "type": "string", "enum": [ "Success","Failed"] },
                "ErrCd": { "$ref": "#/definitions/errcode" },
                "ErrMsg": { "type": "string" }
            },
            "additionalProperties": false,
            "required": [ "VD", "Operation", "Status", "ErrCd", "ErrMsg" ]
        },
        "virtual-drive-set-status": {
            "type": "object",
            "properties": {
                "VD": { "type": "number", "minimum": 0  },
                "Property": {"type": "string", "enum": [ "-", "SCSI Unmap", "Boot Drive", "wrCache", "rdCache", "IoPolicy", "AccPolicy", "SSDCaching", "Hidden", "PdCac", "Name", "AutoBGI", "DS", "Emulation Type", "Cachebypass", "Data Protection" ]},
                "Value": { "type": "string" },
                "Status": { "type": "string", "enum": [ "Success","Failed"] },
                "ErrCd": { "$ref": "#/definitions/errcode" },
                "ErrMsg": { "type": "string" }
            },
            "additionalProperties": false,
            "required": [ "VD", "Property", "Value", "Status", "ErrCd", "ErrMsg" ]
        },
        "virtual-drive-expand-status": {
            "type": "object",
            "properties": {
                "VD": { "type": "number", "minimum": 0  },
                "Size": { 
                    "oneOf": [
                        { "$ref": "common-schema.json#/definitions/size" },
                        { "type": "string", "enum": [ "-"  ] }
                    ]
                },
                "FreSpc": { 
                    "oneOf": [
                        { "$ref": "common-schema.json#/definitions/size" },
                        { "type": "string", "enum": [ "-"  ] }
                    ]
                },
                "ReqSize": { 
                    "oneOf": [
                        { "$ref": "common-schema.json#/definitions/size" },
                        { "type": "string", "enum": [ "-"  ] }
                    ]
                },
                "AbsUsrSz": { 
                    "oneOf": [
                        { "$ref": "common-schema.json#/definitions/size" },
                        { "type": "string", "enum": [ "-"  ] }
                    ]
                },
                "%FreSpc": { 
                    "oneOf": [
                        { "$ref": "common-schema.json#/definitions/size" },
                        { "type": "string", "enum": [ "-"  ] }
                    ]
                },
                "NewSize": { 
                    "oneOf": [
                        { "$ref": "common-schema.json#/definitions/size" },
                        { "type": "string", "enum": [ "-"  ] }
                    ]
                },
                "Status": { "type": "string" },
                "NoArrExp": { 
                    "oneOf": [
                        { "$ref": "common-schema.json#/definitions/size" },
                        { "type": "string", "enum": [ "-"  ] }
                    ]
                }
            },
            "additionalProperties": false,
            "required": [ "VD" ]
        },
        "virtual-drive-bbmt-status": {
            "type": "object",
            "properties": {
                "Ctrl": { "type": "number", "minimum": 0  },
                "VD":   { "type": "number", "minimum": 0  },
                "Status": { "type": "string", "enum": [ "Success","Failed"] },
                "ErrCd": { "$ref": "#/definitions/errcode" },
                "ErrMsg": { "type": "string" }
            },
            "additionalProperties": false,
            "required": [ "Ctrl", "VD", "Status", "ErrCd", "ErrMsg" ]
        },
        "drive-group-detailed-status": {
            "type": "object",
            "properties": {
                "DG": { "type": "number", "minimum": 0 },
                "Status": { "$ref": "common-schema.json#/definitions/status-messages" },
                "ErrCd": { "$ref": "#/definitions/errcode" },
                "ErrMsg": { "$ref": "#/definitions/errmsg" },
                "Description": { "type": "string" }
            },
            "additionalProperties": false,
            "required": [ "DG", "Status" ]
        },
        "drive-group-property-detailed-status": {
            "type": "object",
            "properties": {
                "DG": { "type": "number", "minimum": 0 },
                "Property": { "type": "string" },
                "Value": { "type": "string" },
                "Status": { "$ref": "common-schema.json#/definitions/status-messages" },
                "Description": { "type": "string" }
            },
            "additionalProperties": false,
            "required": [ "DG", "Property", "Status", "Description" ]
        },
        "start-diag-detailed-status": {
            "type": "object",
            "properties": {
                "Type" : { "type": "string", "enum": [ "DMA", "XOR", "DISK", "Memory", "NVRAM", "LINK", "Unknown"] },
                "Name" : { "type": "string"},
                "Status" : { "$ref": "common-schema.json#/definitions/status-messages" }
            },
            "additionalProperties": false,
            "required": [ "Type", "Name", "Status" ]
        },
        "enclosure-detailed-status": {
            "type": "object",
            "properties": {
                "Ctrl": { "type": "number", "minimum": 0 },
                "EID": { "type": "number", "minimum": 0 },
                "Status": { "type": "string", "enum": [ "Failed" ] },
                "ErrCd": { "$ref": "#/definitions/errcode" },
                "ErrMsg": { "$ref": "#/definitions/errmsg" }
            },
            "additionalProperties": false,
            "required": [ "Ctrl", "EID", "Status", "ErrCd", "ErrMsg" ]
        },
        "controller-phyerrorcounters-reset-status": {
            "type": "object",
            "properties": {
                "PhyNo" : { "type": "number", "minimum": 0 },
                "Operation" : { "type": "string", "enum": [ "reset" ] },
                "Description" : { "type": "string", "enum": [ "Success" ] },
                "Status" : { "type": "string", "enum": [ "Failed" ] },
                "ErrMsg" : { "type": "string", "enum": [ "Reset Phy failed" ] },
                "ErrCd" : { "type": "number", "minimum": 0 }
            },
            "additionalProperties" : false,
            "required": [ "PhyNo", "Operation" ]
        },
        "general-error-case-message-1": {
            "type": "object",
            "properties": {
                "Ctrl": { "type": "number", "minimum": 0, "maximum": 32 },
                "Method": { "type": "string" },
                "Result": { "type": "string", "enum": ["-", "NA", "N/A", "Failed"]},
                "ErrMsg": { "$ref": "#/definitions/errmsg" },
                "ErrCd": { "$ref": "#/definitions/errcode" }
            },
            "additionalProperties": false,
            "required": [ "Ctrl", "Method", "Result" ]
        },
        "general-error-case-message-2": {
            "type": "object",
            "properties": {
                "Ctrl": { "type": "number", "minimum": 0, "maximum": 32 },
                "Status": { "$ref": "common-schema.json#/definitions/status-messages" },
                "Ctrl_Oper": { "type": "string" },
                "ErrMsg": { "$ref": "#/definitions/errmsg" },
                "ErrCd": { "$ref": "#/definitions/errcode" }
            },
            "additionalProperties": false,
            "required": [ "Ctrl", "Status", "Ctrl_Oper", "ErrCd", "ErrMsg" ]
        },
        "general-error-case-message-3": {
            "type": "object",
            "properties": {
                "Ctrl": { "type": "number", "minimum": 0, "maximum": 32 },
                "Status": { "$ref": "common-schema.json#/definitions/status-messages" },
                "Ctrl_Prop": { "type": "string" },
                "Value": { "type": "string" },
                "ErrMsg": { "$ref": "#/definitions/errmsg" },
                "ErrCd": { "$ref": "#/definitions/errcode" }
            },
            "additionalProperties": false,
            "required": [ "Ctrl", "Status", "Ctrl_Prop", "ErrCd", "ErrMsg" ]
        },
        "general-error-case-message-4": {
            "type": "object",
            "properties": {
                "Ctrl_Prop": { "type": "string" },
                "Value": { "type": "string" }
            },
            "additionalProperties": false,
            "required": [ "Ctrl_Prop", "Value" ]
        },
        "general-error-case-message-5": {
            "type": "object",
            "properties": {
                "Ctrl": { "type": "number", "minimum": 0, "maximum": 32 },
                "Status": { "$ref": "common-schema.json#/definitions/status-messages" },
                "Prop": { "type": "string" },
                "Cachevault-Prop" : { "type": "string" },
                "Bbu-Prop" : { "type": "string" },
                "Property": { "type": "string" },
                "ErrMsg": { "$ref": "#/definitions/errmsg" },
                "ErrCd": { "$ref": "#/definitions/errcode" }
            },
            "additionalProperties": false,
            "required": [ "Ctrl", "Status", "ErrCd", "ErrMsg" ]
        },
        "general-error-case-message-6": {
            "type": "object",
            "properties": {
                "Ctrl": { "type": "number", "minimum": 0, "maximum": 32 },
                "Method": { "type": "string" },
                "Result": { 
                    "oneOf": [
                        { "$ref": "common-schema.json#/definitions/boolean-on-off" },
                        { "type": "string" }
                    ]
                }
            },
            "additionalProperties": false,
            "required": [ "Ctrl", "Method", "Result" ]
        },
        "general-error-case-message-7": {
            "type": "object",
            "properties": {
                "Ctrl": { "type": "number", "minimum": 0, "maximum": 32 },
                "Status": { "$ref": "common-schema.json#/definitions/status-messages" },
                "Ctrl_Oper": { "type": "string" },
                "ErrCd": { "$ref": "#/definitions/errcode" }
            },
            "additionalProperties": false,
            "required": [ "Ctrl", "Status", "Ctrl_Oper", "ErrCd" ]
        },
        "general-error-case-message-8": {
            "type": "object",
            "properties": {
                "Ctrl": { "type": "number", "minimum": 0, "maximum": 32 },
                "Property": { "type": "string" }, 
                "Value": { "type": "number", "minimum": 0 }
            },
            "additionalProperties": false,
            "required": [ "Ctrl", "Property", "Value" ]
        },
        "general-error-case-message-9": {
            "type": "object",
            "properties": {
                "Ctrl": { "type": "number", "minimum": 0, "maximum": 32 },
                "Status": { "type": "string" }, 
				"Description": { "type": "string", "enum": [  "Invalid Input Parameter"] }
            },
            "additionalProperties": false,
            "required": [ "Ctrl", "Status" ]
        },
        "errcode": {
            "type": "number",
            "minimum": 0 
        },
        "errmsg": {
            "type": "string"
        }
    }
}
