{
    "id": "file:///home/JSON-SCHEMA-FILES/system-schema.json#",
    "$schema": "http://json-schema.org/draft-04/schema#",
    "title": "System (show)",
    "description": "System show - version 0.1",
    
    "type": "object",
    "properties": {
        "Controllers": { "$ref": "#/definitions/controllersArray" }
        },
        "additionalProperties": false,
        "required": [ "Controllers" ],
        "definitions": {
            "controllersArray" :{
                "type":"array",
                "items": { "$ref": "#/definitions/controllers-array" },
                "minItems": 1,
                "uniqueItems": true
            },
            "controllers-array": {
                "type":"object",
                "properties": {
                    "Command Status": { "$ref": "status-schema.json#/definitions/show-cmd-status" },
                    "Response Data": { "$ref": "#/definitions/responseData" }
                },
                "additionalProperties": false,
                "required": [ "Command Status", "Response Data" ]
            },            
            "responseData": {
                    "type": "object",
                    "properties": {
                        "Number of Controllers": { "type": "number", "minimum": 0, "maximum": 255 },
                        "Host Name": { "type": "string" },
                        "Operating System ": { "type": "string" },
                        "StoreLib IT Version": { "type": "string", "pattern": "^(\\d{2}.\\d{4}.\\d{4}.\\d{4})?$"},
                        "StoreLib IR3 Version": { "type": "string", "pattern": "^(\\d{2}.(\\d{2}-\\d{1}))?$" },
                        "System Overview": { "$ref": "#/definitions/system-overview" },
                        "IT System Overview": { "$ref": "#/definitions/it-system-overview" },
                        "ASO": { "$ref": "#/definitions/Aso" },
                        "Need Attention": { "$ref": "#/definitions/need-attention" }
                    },
                    "additionalProperties": false,
                    "required": [ "Number of Controllers",
                                  "Host Name",
                                  "Operating System " 
                                ]
                },
                "system-overview": { 
                    "type": "array",
                    "items": { "$ref": "#/definitions/systemOverview" },
                    "minItems": 1,
                    "uniqueItems": true
                },
                "systemOverview": {
                    "type": "object",
                    "properties": {
                        "Ctl": { "type": "number", "minimum": 0 },
                        "Model": { "type": "string" },
                        "Ports": { "type": "number", "minimum": 0 },
                        "PDs": { "type": "number", "minimum": 0 },
                        "DGs": { "type": "number", "minimum": 0 },
                        "DNOpt": { "type": "number", "minimum": 0 },
                        "VDs": { "type": "number", "minimum": 0 },
                        "VNOpt": { "type": "number", "minimum": 0 },
                        "BBU": { "type": "string", "enum": [ "Opt", "Dgd", "Msng", "Fld", "NdAtn", "Unkwn","N/A" ] },
                        "sPR": { "type": "string", "enum": [ "On", "Off" ] },
                        "DS": { "type": "string" },
                        "EHS": { "type": "string" },
                        "ASOs": { "type": "number", "minimum": 0 },
                        "Hlth": { "type": "string", "enum": [ "Opt", "Degraded", "Safe", "NdAtn", "Fld", "CertProv" ] }
                    },
                    "additionalProperties": false,
                    "required": [ "Ctl",
                                  "Model",
                                  "Ports",
                                  "PDs",
                                  "DGs",
                                  "DNOpt",
                                  "VDs",
                                  "VNOpt",
                                  "BBU",
                                  "sPR",
                                  "DS",
                                  "EHS",
                                  "ASOs",
                                  "Hlth" ]
                },
                "it-system-overview": {
                    "type": "array",
                    "items": { "$ref": "#/definitions/itSystemOverview" },
                    "minItems": 1,
                    "uniqueItems": true
                },
                "itSystemOverview": {
                    "type": "object",
                    "properties": {
                        "Ctl" : { "type": "number", "minimum": 0,"maximum": 255 },
                        "Model" : { "type": "string" },
                        "AdapterType" : { "type": "string" },
                        "VendId" : { "type": "number", "minimum": 0 },
                        "DevId" : { "type": "number", "minimum": 0 },
                        "SubVendId" : { "type": "number", "minimum": 0 },
                        "SubDevId" : { "type": "number", "minimum": 0 },
                        "PCI Address" : { "type": "string", "pattern": "^(\\d{2}):(\\d{2}):(\\d{2}):(\\d{2})?$"}
                    },
                    "additionalProperties": false,
                    "required": [ "Ctl",
                                  "Model",
                                  "AdapterType",
                                  "VendId",
                                  "DevId",
                                  "SubVendId",
                                  "SubDevId",
                                  "PCI Address"
                                ]
                },
                "Aso": {
                    "type": "array",
                    "items": { "$ref": "#/definitions/aso" },
                    "minItems": 1,
                    "uniqueItems": true
                },
                "aso": {
                    "type": "object",
                    "properties": {
                        "Ctl" : {"type": "number", "minimum": 0 },
                        "Cl": { "type": "string" },
                        "SAS": { "type": "string" },
                        "MD": { "type": "string" },
                        "R6": { "type": "string" },
                        "WC": { "type": "string" },
                        "R5": { "type": "string" },
                        "SS": { "type": "string" },
                        "FP": { "type": "string" },
                        "Re": { "type": "string" },
                        "CR": { "type": "string" },
                        "RF": { "type": "string" },
                        "CO": { "type": "string" },
                        "CW": { "type": "string" },
                        "HA": { "type": "string" },
                        "SSHA": { "type": "string" }
                        },
                        "additionalProperties": false,
                        "required": [ "Cl",
                                      "SAS",
                                      "MD",
                                      "R6",
                                      "WC",
                                      "R5",
                                      "SS",
                                      "FP",
                                      "Re",
                                      "CR",
                                      "RF",
                                      "CO",
                                      "CW",
                                      "HA",
                                      "SSHA"]
                },
                "need-attention": {
                    "type": "object",
                    "patternProperties": {
                        "^Controller (\\d{1}|\\d{2})$": { "$ref": "#/definitions/controller-number" }
                    },
                    "additionalProperties": false,
                    "uniqueProperties": true
                },
                "controller-number": {
                    "type": "array",
                    "items": { "$ref": "#/definitions/controllerNumber" },
                    "minItems": 1,
                    "uniqueItems": true
                },
                "controllerNumber": {
                    "type": "object",
                    "properties": {
                        "EID:Slt" : { "type": "string", "pattern": "^((\\d{1}|\\d{2}|\\d{3}):(\\d{1}|\\d{2}|\\d{3}))?$" },
                        "DID" : { "type": "number" },
                        "State" : { "type": "string", "enum": [ "UGood", "UBad", "JBOD", "GHS", "DHS", "UGUnsp", "UGShld", "HSPShld", "CFShld", "CBShld", "UBUnsp", "-" ] },
                        "DG" : { "type": "string" },
                        "Size" : { "$ref": "common-schema.json#/definitions/size" },
                        "Intf" : { "type": "string", "enum": [ "Parallel SCSI", "SAS", "SATA", "FC", "NVMe", "Unknown" ] },
                        "Med" : { "type": "string", "enum": [ "SSD", "HDD", "NytroSFM", "Nytro Flash", "DFF" ] },
                        "SED" : { "type": "string", "enum": ["Y", "N"] },
                        "PI" : { "type": "string", "enum": ["Y", "N"] },
                        "SeSz" : { "$ref": "common-schema.json#/definitions/size" },
                        "Model" : { "type": "string" },
                        "Sp" : { "type": "string", "enum": [ "U", "T", "D", "-" ] },
                        "Type" : {"type": "string", "enum":["EPD", "JBOD", "-"] }
                    },
                    "additionalProperties": false,
                    "required": [ "EID:Slt",
                                  "DID",
                                  "State",
                                  "DG",
                                  "Size",
                                  "Intf",
                                  "Med",
                                  "SED",
                                  "PI",
                                  "SeSz",
                                  "Model",
                                  "Sp",
                                  "Type"
                                ]
                }
    }
}
