<?xml version="1.0" encoding="utf-8"?>
<ComponentDetails xmlns:xsi="http://www.w3.org/2001/XMLSchema-instance" xmlns:xsd="http://www.w3.org/2001/XMLSchema">
  <Name>AnniversaryUpdates</Name>
  <Description>AnniversaryUpdates</Description>
  <MD5Checksum>873ebac1558fd3d01905e602ae5f349f</MD5Checksum>
  <SHA1Checksum>ae91a40bfc713f0a9eca321531aabc40e89b964c</SHA1Checksum>
  <SHA256Checksum>cb83c573017105b09c54de22fdaa1aacf17981cfc8a5eefacac928cdea975e01</SHA256Checksum>
  <SizeInBytes>62047</SizeInBytes>
  <DownloadURL>https://sis.n-able.com/PatchManagement/AnniversaryUpdates.zip</DownloadURL>
  <FileName>AnniversaryUpdates.zip</FileName>
  <Architecture>x86,x64</Architecture>
  <Locale>all</Locale>
  <Version>2019.06.11.26</Version>
</ComponentDetails>