<?xml version="1.0" encoding="utf-8"?>
<ComponentDetails xmlns:xsi="http://www.w3.org/2001/XMLSchema-instance" xmlns:xsd="http://www.w3.org/2001/XMLSchema">
    <Name>SecurityUpdates</Name>
    <Description>SecurityUpdates</Description>
    <MD5Checksum>9fe29adc91e494ffecbc763a7a2defb8</MD5Checksum>
    <SHA1Checksum>5d102568ad3bde127389da41788b14a0792fba09</SHA1Checksum>
    <SHA256Checksum>e517f5691e30cd358d5742a05005b765a6369c513f5edf26ed64b84c607f55bf</SHA256Checksum>
    <SizeInBytes>190140</SizeInBytes>
    <DownloadURL>https://sis.n-able.com/PatchManagement/SecurityUpdates-2020.3.13.1.zip</DownloadURL>
    <FileName>SecurityUpdates.zip</FileName>
    <Architecture>x86,x64</Architecture>
    <Locale>all</Locale>
    <Version>2020.3.13.1</Version>
</ComponentDetails>