<?xml version="1.0" encoding="UTF-8"?>
<serviceTemplates syntaxversion="2.1.0.0" xmlns="http://www.n-able.com"
    xmlns:xsi="http://www.w3.org/2001/XMLSchema-instance" xsi:schemaLocation="http://www.n-able.com file:///opt/nable/var/ncsai/etc/servicetemplate_v2_1_0_0.xsd">
    <serviceTemplate id="-1" version="2.1.0.0">
        <name>SMART Status v2 - Workstations</name>
        <description>Extended SMART Monitoring</description>
        <deviceClass>Workstations - Windows</deviceClass>
        <removesServices>false</removesServices>
        <services>
            <service autoReapply="false" id="1623647"
                isCustomService="true" name="SMART Status v2">
                <configurationName>SMART Status v2</configurationName>
                <action actionId="2"/>
                <parameters>
                    <parameter key="serviceIdentifier"
                        parameterId="92767687" type="2"
                        useAssetInfo="false" useDefaultValue="false" value="/dev/sda"/>
                    <parameter key="i_drive" parameterId="1886409347"
                        type="2" useAssetInfo="false"
                        useDefaultValue="true" value="/dev/sda"/>
                    <parameter key="scan_interval"
                        parameterId="1944458717" type="2"
                        useAssetInfo="false" useDefaultValue="true" value="0 0 0/1 * * ? *"/>
                </parameters>
                <thresholds>
                    <threshold detailName="SD1623647_airtemp"
                        monitoringType="Off" taskState="3"
                        valueHigh="50" valueLow="0" valueString="" valueStringEval=""/>
                    <threshold detailName="SD1623647_airtemp"
                        monitoringType="Off" taskState="4"
                        valueHigh="55" valueLow="51" valueString="" valueStringEval=""/>
                    <threshold detailName="SD1623647_airtemp"
                        monitoringType="Off" taskState="5"
                        valueHigh="9223372036854775807" valueLow="56"
                        valueString="" valueStringEval=""/>
                    <threshold detailName="SD1623647_availspace"
                        monitoringType="Default" taskState="3"
                        valueHigh="9223372036854775807" valueLow="51"
                        valueString="" valueStringEval=""/>
                    <threshold detailName="SD1623647_availspace"
                        monitoringType="Default" taskState="4"
                        valueHigh="50" valueLow="26" valueString="" valueStringEval=""/>
                    <threshold detailName="SD1623647_availspace"
                        monitoringType="Default" taskState="5"
                        valueHigh="25" valueLow="0" valueString="" valueStringEval=""/>
                    <threshold detailName="SD1623647_command"
                        monitoringType="Off" taskState="3" valueHigh="5"
                        valueLow="0" valueString="" valueStringEval=""/>
                    <threshold detailName="SD1623647_command"
                        monitoringType="Off" taskState="4"
                        valueHigh="-1" valueLow="-9223372036854775808"
                        valueString="" valueStringEval=""/>
                    <threshold detailName="SD1623647_command"
                        monitoringType="Off" taskState="5"
                        valueHigh="9223372036854775807" valueLow="6"
                        valueString="" valueStringEval=""/>
                    <threshold detailName="SD1623647_drivelife"
                        monitoringType="Off" taskState="3"
                        valueHigh="9223372036854775807" valueLow="51"
                        valueString="" valueStringEval=""/>
                    <threshold detailName="SD1623647_drivelife"
                        monitoringType="Off" taskState="4"
                        valueHigh="50" valueLow="26" valueString="" valueStringEval=""/>
                    <threshold detailName="SD1623647_drivelife"
                        monitoringType="Off" taskState="5"
                        valueHigh="25" valueLow="0" valueString="" valueStringEval=""/>
                    <threshold detailName="SD1623647_enderror"
                        monitoringType="Off" taskState="3" valueHigh="0"
                        valueLow="0" valueString="" valueStringEval=""/>
                    <threshold detailName="SD1623647_enderror"
                        monitoringType="Off" taskState="4"
                        valueHigh="-1" valueLow="-9223372036854775808"
                        valueString="" valueStringEval=""/>
                    <threshold detailName="SD1623647_enderror"
                        monitoringType="Off" taskState="5"
                        valueHigh="9223372036854775807" valueLow="1"
                        valueString="" valueStringEval=""/>
                    <threshold detailName="SD1623647_endurance"
                        monitoringType="Off" taskState="3"
                        valueHigh="9223372036854775807" valueLow="51"
                        valueString="" valueStringEval=""/>
                    <threshold detailName="SD1623647_endurance"
                        monitoringType="Off" taskState="4"
                        valueHigh="50" valueLow="26" valueString="" valueStringEval=""/>
                    <threshold detailName="SD1623647_endurance"
                        monitoringType="Off" taskState="5"
                        valueHigh="25" valueLow="0" valueString="" valueStringEval=""/>
                    <threshold detailName="SD1623647_erasefail"
                        monitoringType="Off" taskState="3"
                        valueHigh="9223372036854775807" valueLow="51"
                        valueString="" valueStringEval=""/>
                    <threshold detailName="SD1623647_erasefail"
                        monitoringType="Off" taskState="4"
                        valueHigh="50" valueLow="26" valueString="" valueStringEval=""/>
                    <threshold detailName="SD1623647_erasefail"
                        monitoringType="Off" taskState="5"
                        valueHigh="25" valueLow="0" valueString="" valueStringEval=""/>
                    <threshold detailName="SD1623647_erasefaila"
                        monitoringType="Off" taskState="3"
                        valueHigh="9223372036854775807" valueLow="51"
                        valueString="" valueStringEval=""/>
                    <threshold detailName="SD1623647_erasefaila"
                        monitoringType="Off" taskState="4"
                        valueHigh="50" valueLow="26" valueString="" valueStringEval=""/>
                    <threshold detailName="SD1623647_erasefaila"
                        monitoringType="Off" taskState="5"
                        valueHigh="25" valueLow="0" valueString="" valueStringEval=""/>
                    <threshold detailName="SD1623647_erasefailb"
                        monitoringType="Off" taskState="3"
                        valueHigh="9223372036854775807" valueLow="51"
                        valueString="" valueStringEval=""/>
                    <threshold detailName="SD1623647_erasefailb"
                        monitoringType="Off" taskState="4"
                        valueHigh="50" valueLow="26" valueString="" valueStringEval=""/>
                    <threshold detailName="SD1623647_erasefailb"
                        monitoringType="Off" taskState="5"
                        valueHigh="25" valueLow="0" valueString="" valueStringEval=""/>
                    <threshold detailName="SD1623647_fail"
                        monitoringType="Default" taskState="3"
                        valueHigh="1" valueLow="1" valueString="PASSED" valueStringEval="match"/>
                    <threshold detailName="SD1623647_fail"
                        monitoringType="Default" taskState="5"
                        valueHigh="0" valueLow="0" valueString="PASSED" valueStringEval="match"/>
                    <threshold detailName="SD1623647_nvmeavail"
                        monitoringType="Off" taskState="3"
                        valueHigh="100" valueLow="51" valueString="" valueStringEval=""/>
                    <threshold detailName="SD1623647_nvmeavail"
                        monitoringType="Off" taskState="4"
                        valueHigh="50" valueLow="26" valueString="" valueStringEval=""/>
                    <threshold detailName="SD1623647_nvmeavail"
                        monitoringType="Off" taskState="5"
                        valueHigh="25" valueLow="0" valueString="" valueStringEval=""/>
                    <threshold detailName="SD1623647_nvmecctemp"
                        monitoringType="Off" taskState="3" valueHigh="5"
                        valueLow="0" valueString="" valueStringEval=""/>
                    <threshold detailName="SD1623647_nvmecctemp"
                        monitoringType="Off" taskState="4"
                        valueHigh="10" valueLow="6" valueString="" valueStringEval=""/>
                    <threshold detailName="SD1623647_nvmecctemp"
                        monitoringType="Off" taskState="5"
                        valueHigh="9223372036854775807" valueLow="11"
                        valueString="" valueStringEval=""/>
                    <threshold detailName="SD1623647_nvmeerr"
                        monitoringType="Off" taskState="3"
                        valueHigh="10" valueLow="0" valueString="" valueStringEval=""/>
                    <threshold detailName="SD1623647_nvmeerr"
                        monitoringType="Off" taskState="4"
                        valueHigh="20" valueLow="11" valueString="" valueStringEval=""/>
                    <threshold detailName="SD1623647_nvmeerr"
                        monitoringType="Off" taskState="5"
                        valueHigh="9223372036854775807" valueLow="21"
                        valueString="" valueStringEval=""/>
                    <threshold detailName="SD1623647_nvmemdi"
                        monitoringType="Off" taskState="3" valueHigh="0"
                        valueLow="0" valueString="" valueStringEval=""/>
                    <threshold detailName="SD1623647_nvmemdi"
                        monitoringType="Off" taskState="4"
                        valueHigh="-1" valueLow="-9223372036854775808"
                        valueString="" valueStringEval=""/>
                    <threshold detailName="SD1623647_nvmemdi"
                        monitoringType="Off" taskState="5"
                        valueHigh="9223372036854775807" valueLow="1"
                        valueString="" valueStringEval=""/>
                    <threshold detailName="SD1623647_nvmetemp"
                        monitoringType="Off" taskState="3"
                        valueHigh="55" valueLow="0" valueString="" valueStringEval=""/>
                    <threshold detailName="SD1623647_nvmetemp"
                        monitoringType="Off" taskState="4"
                        valueHigh="60" valueLow="56" valueString="" valueStringEval=""/>
                    <threshold detailName="SD1623647_nvmetemp"
                        monitoringType="Off" taskState="5"
                        valueHigh="9223372036854775807" valueLow="61"
                        valueString="" valueStringEval=""/>
                    <threshold detailName="SD1623647_nvmewarn"
                        monitoringType="Off" taskState="3" valueHigh="0"
                        valueLow="0" valueString="" valueStringEval=""/>
                    <threshold detailName="SD1623647_nvmewarn"
                        monitoringType="Off" taskState="4"
                        valueHigh="-1" valueLow="-9223372036854775808"
                        valueString="" valueStringEval=""/>
                    <threshold detailName="SD1623647_nvmewarn"
                        monitoringType="Off" taskState="5"
                        valueHigh="9223372036854775807" valueLow="1"
                        valueString="" valueStringEval=""/>
                    <threshold detailName="SD1623647_nvmewctemp"
                        monitoringType="Off" taskState="3" valueHigh="5"
                        valueLow="0" valueString="" valueStringEval=""/>
                    <threshold detailName="SD1623647_nvmewctemp"
                        monitoringType="Off" taskState="4"
                        valueHigh="10" valueLow="6" valueString="" valueStringEval=""/>
                    <threshold detailName="SD1623647_nvmewctemp"
                        monitoringType="Off" taskState="5"
                        valueHigh="9223372036854775807" valueLow="11"
                        valueString="" valueStringEval=""/>
                    <threshold detailName="SD1623647_offuncorrectable"
                        monitoringType="Off" taskState="3" valueHigh="0"
                        valueLow="0" valueString="" valueStringEval=""/>
                    <threshold detailName="SD1623647_offuncorrectable"
                        monitoringType="Off" taskState="4"
                        valueHigh="-1" valueLow="-9223372036854775808"
                        valueString="" valueStringEval=""/>
                    <threshold detailName="SD1623647_offuncorrectable"
                        monitoringType="Off" taskState="5"
                        valueHigh="9223372036854775807" valueLow="1"
                        valueString="" valueStringEval=""/>
                    <threshold detailName="SD1623647_pending"
                        monitoringType="Off" taskState="3"
                        valueHigh="100" valueLow="0" valueString="" valueStringEval=""/>
                    <threshold detailName="SD1623647_pending"
                        monitoringType="Off" taskState="4"
                        valueHigh="200" valueLow="101" valueString="" valueStringEval=""/>
                    <threshold detailName="SD1623647_pending"
                        monitoringType="Off" taskState="5"
                        valueHigh="9223372036854775807" valueLow="201"
                        valueString="" valueStringEval=""/>
                    <threshold detailName="SD1623647_programfail"
                        monitoringType="Off" taskState="3"
                        valueHigh="9223372036854775807" valueLow="51"
                        valueString="" valueStringEval=""/>
                    <threshold detailName="SD1623647_programfail"
                        monitoringType="Off" taskState="4"
                        valueHigh="50" valueLow="26" valueString="" valueStringEval=""/>
                    <threshold detailName="SD1623647_programfail"
                        monitoringType="Off" taskState="5"
                        valueHigh="25" valueLow="0" valueString="" valueStringEval=""/>
                    <threshold detailName="SD1623647_programfaila"
                        monitoringType="Off" taskState="3"
                        valueHigh="9223372036854775807" valueLow="51"
                        valueString="" valueStringEval=""/>
                    <threshold detailName="SD1623647_programfaila"
                        monitoringType="Off" taskState="4"
                        valueHigh="50" valueLow="26" valueString="" valueStringEval=""/>
                    <threshold detailName="SD1623647_programfaila"
                        monitoringType="Off" taskState="5"
                        valueHigh="25" valueLow="0" valueString="" valueStringEval=""/>
                    <threshold detailName="SD1623647_reallocated"
                        monitoringType="Default" taskState="3"
                        valueHigh="100" valueLow="0" valueString="" valueStringEval=""/>
                    <threshold detailName="SD1623647_reallocated"
                        monitoringType="Default" taskState="4"
                        valueHigh="200" valueLow="101" valueString="" valueStringEval=""/>
                    <threshold detailName="SD1623647_reallocated"
                        monitoringType="Default" taskState="5"
                        valueHigh="9223372036854775807" valueLow="201"
                        valueString="" valueStringEval=""/>
                    <threshold detailName="SD1623647_reallocation"
                        monitoringType="Off" taskState="3"
                        valueHigh="200" valueLow="0" valueString="" valueStringEval=""/>
                    <threshold detailName="SD1623647_reallocation"
                        monitoringType="Off" taskState="4"
                        valueHigh="300" valueLow="201" valueString="" valueStringEval=""/>
                    <threshold detailName="SD1623647_reallocation"
                        monitoringType="Off" taskState="5"
                        valueHigh="9223372036854775807" valueLow="301"
                        valueString="" valueStringEval=""/>
                    <threshold detailName="SD1623647_softread"
                        monitoringType="Off" taskState="3"
                        valueHigh="100" valueLow="0" valueString="" valueStringEval=""/>
                    <threshold detailName="SD1623647_softread"
                        monitoringType="Off" taskState="4"
                        valueHigh="200" valueLow="101" valueString="" valueStringEval=""/>
                    <threshold detailName="SD1623647_softread"
                        monitoringType="Off" taskState="5"
                        valueHigh="9223372036854775807" valueLow="201"
                        valueString="" valueStringEval=""/>
                    <threshold detailName="SD1623647_spinretry"
                        monitoringType="Off" taskState="3"
                        valueHigh="20" valueLow="0" valueString="" valueStringEval=""/>
                    <threshold detailName="SD1623647_spinretry"
                        monitoringType="Off" taskState="4"
                        valueHigh="30" valueLow="21" valueString="" valueStringEval=""/>
                    <threshold detailName="SD1623647_spinretry"
                        monitoringType="Off" taskState="5"
                        valueHigh="9223372036854775807" valueLow="31"
                        valueString="" valueStringEval=""/>
                    <threshold detailName="SD1623647_ssdlife"
                        monitoringType="Off" taskState="3"
                        valueHigh="9223372036854775807" valueLow="51"
                        valueString="" valueStringEval=""/>
                    <threshold detailName="SD1623647_ssdlife"
                        monitoringType="Off" taskState="4"
                        valueHigh="50" valueLow="26" valueString="" valueStringEval=""/>
                    <threshold detailName="SD1623647_ssdlife"
                        monitoringType="Off" taskState="5"
                        valueHigh="25" valueLow="0" valueString="" valueStringEval=""/>
                    <threshold detailName="SD1623647_temperature"
                        monitoringType="Off" taskState="3"
                        valueHigh="50" valueLow="0" valueString="" valueStringEval=""/>
                    <threshold detailName="SD1623647_temperature"
                        monitoringType="Off" taskState="4"
                        valueHigh="55" valueLow="51" valueString="" valueStringEval=""/>
                    <threshold detailName="SD1623647_temperature"
                        monitoringType="Off" taskState="5"
                        valueHigh="9223372036854775807" valueLow="56"
                        valueString="" valueStringEval=""/>
                    <threshold detailName="SD1623647_uncorrectable"
                        monitoringType="Off" taskState="3"
                        valueHigh="50" valueLow="0" valueString="" valueStringEval=""/>
                    <threshold detailName="SD1623647_uncorrectable"
                        monitoringType="Off" taskState="4"
                        valueHigh="100" valueLow="51" valueString="" valueStringEval=""/>
                    <threshold detailName="SD1623647_uncorrectable"
                        monitoringType="Off" taskState="5"
                        valueHigh="9223372036854775807" valueLow="101"
                        valueString="" valueStringEval=""/>
                    <threshold detailName="SD1623647_wearlevel"
                        monitoringType="Off" taskState="3"
                        valueHigh="100" valueLow="51" valueString="" valueStringEval=""/>
                    <threshold detailName="SD1623647_wearlevel"
                        monitoringType="Off" taskState="4"
                        valueHigh="50" valueLow="26" valueString="" valueStringEval=""/>
                    <threshold detailName="SD1623647_wearlevel"
                        monitoringType="Off" taskState="5"
                        valueHigh="25" valueLow="0" valueString="" valueStringEval=""/>
                    <threshold detailName="SD1623647_wearlevela"
                        monitoringType="Off" taskState="3"
                        valueHigh="100" valueLow="51" valueString="" valueStringEval=""/>
                    <threshold detailName="SD1623647_wearlevela"
                        monitoringType="Off" taskState="4"
                        valueHigh="50" valueLow="26" valueString="" valueStringEval=""/>
                    <threshold detailName="SD1623647_wearlevela"
                        monitoringType="Off" taskState="5"
                        valueHigh="25" valueLow="0" valueString="" valueStringEval=""/>
                </thresholds>
                <selfHealing>
                    <selfHealingProperty
                        key="retryMonitoringBeforeSelfHeal" value="false"/>
                    <selfHealingProperty key="executeSelfHeal" value="false"/>
                    <selfHealingProperty
                        key="retryMonitoringIntervalAfterSelfHeal" value="10"/>
                    <selfHealingProperty
                        key="retryMonitoringCountAfterSelfHeal" value="3"/>
                    <selfHealingProperty key="selectedAutomationPolicy" value=""/>
                    <selfHealingProperty key="notificationType" value="FollowStandardNotificationRules"/>
                    <selfHealingProperty
                        key="retryMonitoringCountBeforeSelfHeal" value="3"/>
                    <selfHealingProperty key="waitIntervalAfterSelfHeal" value="3"/>
                    <selfHealingProperty key="selectedStatuses" value=""/>
                    <selfHealingProperty
                        key="retryMonitoringIntervalBeforeSelfHeal" value="10"/>
                </selfHealing>
            </service>
        </services>
    </serviceTemplate>
</serviceTemplates>
