<?xml version="1.0" encoding="UTF-8"?>
<serviceTemplates syntaxversion="2.1.0.0" xmlns="http://www.n-able.com"
    xmlns:xsi="http://www.w3.org/2001/XMLSchema-instance" xsi:schemaLocation="http://www.n-able.com file:///opt/nable/var/ncsai/etc/servicetemplate_v2_1_0_0.xsd">
    <serviceTemplate id="-1" version="2.1.0.0">
        <name>AV Health - Workstations</name>
        <description>Determines Sophos AV Status and alerts for installed Competitor AV Products</description>
        <deviceClass>Workstations - Windows</deviceClass>
        <removesServices>false</removesServices>
        <services>
            <service autoReapply="false" id="1496222"
                isCustomService="true" name="AV Health (Sophos)">
                <configurationName>AV Health</configurationName>
                <action actionId="2"/>
                <parameters>
                    <parameter key="serviceIdentifier"
                        parameterId="592662514" type="2"
                        useAssetInfo="false" useDefaultValue="true" value=""/>
                    <parameter key="scan_interval"
                        parameterId="1450421506" type="2"
                        useAssetInfo="false" useDefaultValue="true" value="0 0/15 * * * ? *"/>
                    <parameter key="i_PAV" parameterId="1621745785"
                        type="2" useAssetInfo="false"
                        useDefaultValue="true" value="Sophos"/>
                </parameters>
                <thresholds>
                    <threshold detailName="SD1496222_AVCon"
                        monitoringType="Default" taskState="3"
                        valueHigh="1" valueLow="1" valueString="0" valueStringEval="match"/>
                    <threshold detailName="SD1496222_AVCon"
                        monitoringType="Default" taskState="5"
                        valueHigh="0" valueLow="0" valueString="0" valueStringEval="match"/>
                    <threshold detailName="SD1496222_AVName"
                        monitoringType="Off" taskState="3" valueHigh="1"
                        valueLow="1" valueString="Sophos" valueStringEval="contain"/>
                    <threshold detailName="SD1496222_AVName"
                        monitoringType="Off" taskState="5" valueHigh="0"
                        valueLow="0" valueString="Sophos" valueStringEval="contain"/>
                    <threshold detailName="SD1496222_AVPath"
                        monitoringType="Off" taskState="3" valueHigh="1"
                        valueLow="1" valueString="Sophos" valueStringEval="contain"/>
                    <threshold detailName="SD1496222_AVPath"
                        monitoringType="Off" taskState="5" valueHigh="0"
                        valueLow="0" valueString="Sophos" valueStringEval="contain"/>
                    <threshold detailName="SD1496222_AVStatus"
                        monitoringType="Default" taskState="3"
                        valueHigh="1" valueLow="1" valueString="True" valueStringEval="match"/>
                    <threshold detailName="SD1496222_AVStatus"
                        monitoringType="Default" taskState="5"
                        valueHigh="0" valueLow="0" valueString="True" valueStringEval="match"/>
                    <threshold detailName="SD1496222_AVVersion"
                        monitoringType="Off" taskState="3" valueHigh="1"
                        valueLow="1" valueString="." valueStringEval="contain"/>
                    <threshold detailName="SD1496222_AVVersion"
                        monitoringType="Off" taskState="5" valueHigh="0"
                        valueLow="0" valueString="." valueStringEval="contain"/>
                    <threshold detailName="SD1496222_CompAV"
                        monitoringType="Default" taskState="3"
                        valueHigh="1" valueLow="1"
                        valueString="Windows Defender" valueStringEval="contain"/>
                    <threshold detailName="SD1496222_CompAV"
                        monitoringType="Default" taskState="5"
                        valueHigh="0" valueLow="0"
                        valueString="Windows Defender" valueStringEval="contain"/>
                    <threshold detailName="SD1496222_CompPath"
                        monitoringType="Default" taskState="3"
                        valueHigh="1" valueLow="1"
                        valueString="windowsdefender://" valueStringEval="contain"/>
                    <threshold detailName="SD1496222_CompPath"
                        monitoringType="Default" taskState="5"
                        valueHigh="0" valueLow="0"
                        valueString="windowsdefender://" valueStringEval="contain"/>
                    <threshold detailName="SD1496222_DefStatus"
                        monitoringType="Default" taskState="3"
                        valueHigh="1" valueLow="1"
                        valueString="Up to date" valueStringEval="match"/>
                    <threshold detailName="SD1496222_DefStatus"
                        monitoringType="Default" taskState="5"
                        valueHigh="0" valueLow="0"
                        valueString="Up to date" valueStringEval="match"/>
                    <threshold detailName="SD1496222_RTState"
                        monitoringType="Default" taskState="3"
                        valueHigh="1" valueLow="1" valueString="Enabled" valueStringEval="match"/>
                    <threshold detailName="SD1496222_RTState"
                        monitoringType="Default" taskState="5"
                        valueHigh="0" valueLow="0" valueString="Enabled" valueStringEval="match"/>
                </thresholds>
                <selfHealing>
                    <selfHealingProperty
                        key="retryMonitoringBeforeSelfHeal" value="false"/>
                    <selfHealingProperty key="executeSelfHeal" value="false"/>
                    <selfHealingProperty
                        key="retryMonitoringIntervalAfterSelfHeal" value="10"/>
                    <selfHealingProperty
                        key="retryMonitoringCountAfterSelfHeal" value="3"/>
                    <selfHealingProperty key="selectedAutomationPolicy" value=""/>
                    <selfHealingProperty key="notificationType" value="FollowStandardNotificationRules"/>
                    <selfHealingProperty
                        key="retryMonitoringCountBeforeSelfHeal" value="3"/>
                    <selfHealingProperty key="waitIntervalAfterSelfHeal" value="3"/>
                    <selfHealingProperty key="selectedStatuses" value=""/>
                    <selfHealingProperty
                        key="retryMonitoringIntervalBeforeSelfHeal" value="10"/>
                </selfHealing>
            </service>
        </services>
    </serviceTemplate>
</serviceTemplates>
