<?xml version="1.0" encoding="utf-8"?>
<services>
  <service id="EPSecurityService" scm_name="EPSecurityService" name="EPSecurityService.exe" type="eps" isWinService="true"/>
  <service id="EPUpdateService" scm_name="EPUpdateService" name="EPUpdateService.exe" type="eps" isWinService="true"/>
  <service id="EPIntegrationService" scm_name="EPIntegrationService" name="EPIntegrationService.exe"  type="eps" isWinService="true"/>
  <service id="EmailScanner" scm_name="EmailScanner" name="EmailScanner" type="eps" isWinService="true"/>
  <service id="epag" name="epag" type="epag" isWinService="true"/>
  <service id="EPConsole" name="EPConsole.exe" type="console" />
  <service id="fsWizard" name="FileScanOnDemandWizard.exe" type="fsWizard" />
  <service id="EPUpdateServer" scm_name="EPUpdateServer" name="EPUpdateServer.exe" type="arrakis" selector="common" index="7" isWinService="true"/>
  <service id="ContextualMenu" name="ContextualMenu" type="contextual" />
  <service id="EPPowerConsole" name="EPPowerConsole.exe" type="powerUserConsole" />    
  <service id="trufos" name="trufos" type="filter" isWinService="true"/>
  <service id="avc3" name="avc3" type="filter" isWinService="true" />
  <service id="gzflt" name="gzflt" type="filter" isWinService="true" />
  <service id="bddevflt" name="bddevflt" type="filter" isWinService="true"/>
  <service id="bdfwfpf" name="bdfwfpf" type="driver" isWinService="true"/>
  <service id="bdupflt" name="bdupflt" type="driver" isWinService="true"/>
  <service id="avckf" name="avckf" type="avckf" isWinService="true"/>
  <service id="avchv" name="avchv" type="avchv" isWinService="true"/>
  <service id="bdfndisf" name="bdfndisf" type="bdfndisf" isWinService="true"/>
  <service id="bdftdif" name="bdftdif" type="bdftdif" isWinService="true"/>
  <service id="bdelam" name="bdelam" type="bdelam" isWinService="true"/>
  <service id="MSExchangeTransport" name="MSExchangeTransport" scm_name="MSExchangeTransport" type="scm" isWinService="true"/>
  <service id="installer" name="installer" type="installer" />
  <service id="EPUpdateReboot" name="EPUpdateReboot" type="EPUpdateReboot"/>
  <service id="bdfndisf_update" name="bdfndisf" type="bdfndisf_update" isWinService="true"/>
  <service id="kProc" name="kProc" type="kProc" />
  <service id="exchOnDemand" name="exchOnDemand" type="exchOnDemand" />
  <service id="EpsdkDependencies" name="EpsdkDependencies" type="EpsdkDependencies" />
  <service id="Epsdk" name="Epsdk" type="Epsdk" />
</services>