<?xml version="1.0" encoding="UTF-8"?>
<serviceTemplates syntaxversion="2.1.0.0" xmlns="http://www.n-able.com"
    xmlns:xsi="http://www.w3.org/2001/XMLSchema-instance" xsi:schemaLocation="http://www.n-able.com file:///opt/nable/var/ncsai/etc/servicetemplate_v2_1_0_0.xsd">
    <serviceTemplate id="-1" version="2.1.0.0">
        <name>AV Defender Monitoring on Servers</name>
        <description/>
        <deviceClass>Servers - Windows</deviceClass>
        <removesServices>false</removesServices>
        <services>
            <service autoReapply="false" id="902"
                isCustomService="false" name="AV Defender Status">
                <configurationName>AV Defender Status</configurationName>
                <action actionId="2"/>
                <parameters>
                    <parameter key="scan_interval" parameterId="90200"
                        type="1" useAssetInfo="false"
                        useDefaultValue="true" value="true"/>
                </parameters>
                <thresholds>
                    <threshold detailName="AVD_DAYS_FROM_LAST_SCAN"
                        monitoringType="Default" taskState="3"
                        valueHigh="20" valueLow="0" valueString="" valueStringEval=""/>
                    <threshold detailName="AVD_DAYS_FROM_LAST_SCAN"
                        monitoringType="Default" taskState="4"
                        valueHigh="30" valueLow="20" valueString="" valueStringEval=""/>
                    <threshold detailName="AVD_DAYS_FROM_LAST_SCAN"
                        monitoringType="Default" taskState="5"
                        valueHigh="65535" valueLow="30" valueString="" valueStringEval=""/>
                    <threshold detailName="AVD_INSTALL_STATE"
                        monitoringType="Default" taskState="3"
                        valueHigh="0" valueLow="0" valueString="" valueStringEval=""/>
                    <threshold detailName="AVD_INSTALL_STATE"
                        monitoringType="Default" taskState="4"
                        valueHigh="1" valueLow="1" valueString="" valueStringEval=""/>
                    <threshold detailName="AVD_INSTALL_STATE"
                        monitoringType="Default" taskState="5"
                        valueHigh="255" valueLow="2" valueString="" valueStringEval=""/>
                    <threshold detailName="AVD_IS_NEW_VERSION_AVAILABLE"
                        monitoringType="Default" taskState="3"
                        valueHigh="0" valueLow="0" valueString="" valueStringEval=""/>
                    <threshold detailName="AVD_IS_NEW_VERSION_AVAILABLE"
                        monitoringType="Default" taskState="4"
                        valueHigh="1" valueLow="1" valueString="" valueStringEval=""/>
                    <threshold
                        detailName="AVD_NUMBER_OF_QUARANTINE_ITEMS"
                        monitoringType="Default" taskState="3"
                        valueHigh="3000" valueLow="0" valueString="" valueStringEval=""/>
                    <threshold
                        detailName="AVD_NUMBER_OF_QUARANTINE_ITEMS"
                        monitoringType="Default" taskState="4"
                        valueHigh="5000" valueLow="3000" valueString="" valueStringEval=""/>
                    <threshold
                        detailName="AVD_NUMBER_OF_QUARANTINE_ITEMS"
                        monitoringType="Default" taskState="5"
                        valueHigh="999999" valueLow="5000"
                        valueString="" valueStringEval=""/>
                    <threshold detailName="AVD_PROTECTION_STATE"
                        monitoringType="Default" taskState="3"
                        valueHigh="0" valueLow="0" valueString="" valueStringEval=""/>
                    <threshold detailName="AVD_PROTECTION_STATE"
                        monitoringType="Default" taskState="4"
                        valueHigh="1" valueLow="1" valueString="" valueStringEval=""/>
                    <threshold detailName="AVD_PROTECTION_STATE"
                        monitoringType="Default" taskState="5"
                        valueHigh="255" valueLow="2" valueString="" valueStringEval=""/>
                    <threshold detailName="AVD_SERVER_STATE"
                        monitoringType="Default" taskState="3"
                        valueHigh="0" valueLow="0" valueString="" valueStringEval=""/>
                    <threshold detailName="AVD_SERVER_STATE"
                        monitoringType="Default" taskState="4"
                        valueHigh="1" valueLow="1" valueString="" valueStringEval=""/>
                    <threshold detailName="AVD_SERVER_STATE"
                        monitoringType="Default" taskState="5"
                        valueHigh="255" valueLow="2" valueString="" valueStringEval=""/>
                    <threshold detailName="AVD_SIGNATURE_AGE"
                        monitoringType="Default" taskState="3"
                        valueHigh="5" valueLow="0" valueString="" valueStringEval=""/>
                    <threshold detailName="AVD_SIGNATURE_AGE"
                        monitoringType="Default" taskState="4"
                        valueHigh="30" valueLow="6" valueString="" valueStringEval=""/>
                    <threshold detailName="AVD_SIGNATURE_AGE"
                        monitoringType="Default" taskState="5"
                        valueHigh="65535" valueLow="30" valueString="" valueStringEval=""/>
                </thresholds>
                <selfHealing>
                    <selfHealingProperty
                        key="retryMonitoringBeforeSelfHeal" value="false"/>
                    <selfHealingProperty key="executeSelfHeal" value="false"/>
                    <selfHealingProperty
                        key="retryMonitoringIntervalAfterSelfHeal" value="10"/>
                    <selfHealingProperty
                        key="retryMonitoringCountAfterSelfHeal" value="3"/>
                    <selfHealingProperty key="selectedAutomationPolicy" value=""/>
                    <selfHealingProperty key="notificationType" value="FollowStandardNotificationRules"/>
                    <selfHealingProperty
                        key="retryMonitoringCountBeforeSelfHeal" value="3"/>
                    <selfHealingProperty key="waitIntervalAfterSelfHeal" value="3"/>
                    <selfHealingProperty key="selectedStatuses" value=""/>
                    <selfHealingProperty
                        key="retryMonitoringIntervalBeforeSelfHeal" value="10"/>
                </selfHealing>
            </service>
            <service autoReapply="false" id="903"
                isCustomService="false" name="AV Defender Security Event">
                <configurationName>AV Defender Security Event</configurationName>
                <action actionId="2"/>
                <parameters>
                    <parameter key="show_scan_details"
                        parameterId="90301" type="2"
                        useAssetInfo="false" useDefaultValue="false" value="false"/>
                    <parameter key="Detection_Type_List"
                        parameterId="90302" type="2"
                        useAssetInfo="false" useDefaultValue="true" value=""/>
                    <parameter key="Normal_Actions_List"
                        parameterId="90303" type="2"
                        useAssetInfo="false" useDefaultValue="true" value="Deleted,Quarantined,Cleaned,Restored"/>
                    <parameter key="Warning_Actions_List"
                        parameterId="90304" type="2"
                        useAssetInfo="false" useDefaultValue="true" value="Blocked"/>
                    <parameter key="Failed_Actions_List"
                        parameterId="90305" type="2"
                        useAssetInfo="false" useDefaultValue="true" value="Present,Phishing-Webpage-Blocked"/>
                </parameters>
                <thresholds>
                    <threshold
                        detailName="AVDEFENDER_FREYA_EVENT_STATUS"
                        monitoringType="Default" taskState="3"
                        valueHigh="0" valueLow="0" valueString="" valueStringEval=""/>
                    <threshold
                        detailName="AVDEFENDER_FREYA_EVENT_STATUS"
                        monitoringType="Default" taskState="4"
                        valueHigh="1" valueLow="1" valueString="" valueStringEval=""/>
                    <threshold
                        detailName="AVDEFENDER_FREYA_EVENT_STATUS"
                        monitoringType="Default" taskState="5"
                        valueHigh="2" valueLow="2" valueString="" valueStringEval=""/>
                </thresholds>
                <selfHealing>
                    <selfHealingProperty
                        key="retryMonitoringBeforeSelfHeal" value="false"/>
                    <selfHealingProperty key="executeSelfHeal" value="false"/>
                    <selfHealingProperty
                        key="retryMonitoringIntervalAfterSelfHeal" value="10"/>
                    <selfHealingProperty
                        key="retryMonitoringCountAfterSelfHeal" value="3"/>
                    <selfHealingProperty key="selectedAutomationPolicy" value=""/>
                    <selfHealingProperty key="notificationType" value="FollowStandardNotificationRules"/>
                    <selfHealingProperty
                        key="retryMonitoringCountBeforeSelfHeal" value="3"/>
                    <selfHealingProperty key="waitIntervalAfterSelfHeal" value="3"/>
                    <selfHealingProperty key="selectedStatuses" value=""/>
                    <selfHealingProperty
                        key="retryMonitoringIntervalBeforeSelfHeal" value="10"/>
                </selfHealing>
            </service>
            <service autoReapply="false" id="904"
                isCustomService="false" name="AV Defender Behavioral Scan Events">
                <configurationName>AV Defender Behavioral Scan Events</configurationName>
                <action actionId="2"/>
                <parameters>
                    <parameter key="show_scan_details"
                        parameterId="90401" type="2"
                        useAssetInfo="false" useDefaultValue="false" value="false"/>
                    <parameter key="Detection_Type_List"
                        parameterId="90402" type="2"
                        useAssetInfo="false" useDefaultValue="true" value=""/>
                    <parameter key="Normal_Actions_List"
                        parameterId="90403" type="2"
                        useAssetInfo="false" useDefaultValue="true" value=""/>
                    <parameter key="Warning_Actions_List"
                        parameterId="90404" type="2"
                        useAssetInfo="false" useDefaultValue="true" value=""/>
                    <parameter key="Failed_Actions_List"
                        parameterId="90405" type="2"
                        useAssetInfo="false" useDefaultValue="true" value="Blocked"/>
                </parameters>
                <thresholds>
                    <threshold
                        detailName="AVDEFENDER_BEHAVIOUR_SCAN_DUPLICATE_COUNT"
                        monitoringType="Default" taskState="3"
                        valueHigh="0" valueLow="0" valueString="" valueStringEval=""/>
                    <threshold
                        detailName="AVDEFENDER_BEHAVIOUR_SCAN_DUPLICATE_COUNT"
                        monitoringType="Default" taskState="5"
                        valueHigh="4294967295" valueLow="1"
                        valueString="" valueStringEval=""/>
                    <threshold
                        detailName="AVDEFENDER_BEHAVIOUR_SCAN_EVENT_STATUS"
                        monitoringType="Default" taskState="3"
                        valueHigh="0" valueLow="0" valueString="" valueStringEval=""/>
                    <threshold
                        detailName="AVDEFENDER_BEHAVIOUR_SCAN_EVENT_STATUS"
                        monitoringType="Default" taskState="4"
                        valueHigh="1" valueLow="1" valueString="" valueStringEval=""/>
                    <threshold
                        detailName="AVDEFENDER_BEHAVIOUR_SCAN_EVENT_STATUS"
                        monitoringType="Default" taskState="5"
                        valueHigh="2" valueLow="2" valueString="" valueStringEval=""/>
                </thresholds>
                <selfHealing>
                    <selfHealingProperty
                        key="retryMonitoringBeforeSelfHeal" value="false"/>
                    <selfHealingProperty key="executeSelfHeal" value="false"/>
                    <selfHealingProperty
                        key="retryMonitoringIntervalAfterSelfHeal" value="10"/>
                    <selfHealingProperty
                        key="retryMonitoringCountAfterSelfHeal" value="3"/>
                    <selfHealingProperty key="selectedAutomationPolicy" value=""/>
                    <selfHealingProperty key="notificationType" value="FollowStandardNotificationRules"/>
                    <selfHealingProperty
                        key="retryMonitoringCountBeforeSelfHeal" value="3"/>
                    <selfHealingProperty key="waitIntervalAfterSelfHeal" value="3"/>
                    <selfHealingProperty key="selectedStatuses" value=""/>
                    <selfHealingProperty
                        key="retryMonitoringIntervalBeforeSelfHeal" value="10"/>
                </selfHealing>
            </service>
            <service autoReapply="false" id="22105"
                isCustomService="false" name="Windows Service">
                <configurationName>Windows Service - N-able Technologies Endpoint Integration Service</configurationName>
                <action actionId="2"/>
                <parameters>
                    <parameter key="scan_interval" parameterId="2210500"
                        type="1" useAssetInfo="false"
                        useDefaultValue="true" value="true"/>
                    <parameter key="Matrix.0.Constraint.0.Value"
                        parameterId="2210508" type="2"
                        useAssetInfo="false" useDefaultValue="false" value="N-able Technologies Endpoint Integration Service"/>
                </parameters>
                <thresholds>
                    <threshold detailName="ServiceStarted"
                        monitoringType="Default" taskState="3"
                        valueHigh="1" valueLow="1" valueString="" valueStringEval=""/>
                    <threshold detailName="ServiceStarted"
                        monitoringType="Default" taskState="5"
                        valueHigh="0" valueLow="0" valueString="" valueStringEval=""/>
                </thresholds>
                <selfHealing>
                    <selfHealingProperty
                        key="retryMonitoringBeforeSelfHeal" value="true"/>
                    <selfHealingProperty key="selectedService" value="N-able Technologies Endpoint Integration Service"/>
                    <selfHealingProperty
                        key="retryMonitoringIntervalAfterSelfHeal" value="10"/>
                    <selfHealingProperty
                        key="maxNumberOfRetriesPerInterval" value="1"/>
                    <selfHealingProperty
                        key="retryMonitoringCountAfterSelfHeal" value="3"/>
                    <selfHealingProperty key="selfHealingType" value="restartService"/>
                    <selfHealingProperty key="waitIntervalAfterSelfHeal" value="1"/>
                    <selfHealingProperty
                        key="retryMonitoringCountBeforeSelfHeal" value="3"/>
                    <selfHealingProperty key="notificationType" value="FollowStandardNotificationRules"/>
                    <selfHealingProperty key="selectedStatuses" value="5"/>
                    <selfHealingProperty key="restartServiceBy" value="CaptionType"/>
                    <selfHealingProperty
                        key="retryMonitoringIntervalBeforeSelfHeal" value="10"/>
                    <selfHealingProperty key="useCustomCredentials" value="LocalSystem"/>
                    <selfHealingProperty key="credentialPassword" value=""/>
                    <selfHealingProperty key="executeSelfHeal" value="true"/>
                    <selfHealingProperty key="RemoteExecutionTimeout" value="1"/>
                    <selfHealingProperty key="selectedInterval" value="3600"/>
                    <selfHealingProperty key="credentialUserName" value=""/>
                </selfHealing>
            </service>
            <service autoReapply="false" id="22105"
                isCustomService="false" name="Windows Service">
                <configurationName>Windows Service - N-able Technologies Endpoint Protected Service</configurationName>
                <action actionId="2"/>
                <parameters>
                    <parameter key="scan_interval" parameterId="2210500"
                        type="1" useAssetInfo="false"
                        useDefaultValue="true" value="true"/>
                    <parameter key="Matrix.0.Constraint.0.Value"
                        parameterId="2210508" type="2"
                        useAssetInfo="false" useDefaultValue="false" value="N-able Technologies Endpoint Protected Service"/>
                </parameters>
                <thresholds>
                    <threshold detailName="ServiceStarted"
                        monitoringType="Default" taskState="3"
                        valueHigh="1" valueLow="1" valueString="" valueStringEval=""/>
                    <threshold detailName="ServiceStarted"
                        monitoringType="Default" taskState="5"
                        valueHigh="0" valueLow="0" valueString="" valueStringEval=""/>
                </thresholds>
                <selfHealing>
                    <selfHealingProperty
                        key="retryMonitoringBeforeSelfHeal" value="true"/>
                    <selfHealingProperty key="selectedService" value="N-able Technologies Endpoint Protected Service"/>
                    <selfHealingProperty
                        key="retryMonitoringIntervalAfterSelfHeal" value="10"/>
                    <selfHealingProperty
                        key="maxNumberOfRetriesPerInterval" value="1"/>
                    <selfHealingProperty
                        key="retryMonitoringCountAfterSelfHeal" value="3"/>
                    <selfHealingProperty key="selfHealingType" value="restartService"/>
                    <selfHealingProperty key="waitIntervalAfterSelfHeal" value="1"/>
                    <selfHealingProperty
                        key="retryMonitoringCountBeforeSelfHeal" value="3"/>
                    <selfHealingProperty key="notificationType" value="FollowStandardNotificationRules"/>
                    <selfHealingProperty key="selectedStatuses" value="5"/>
                    <selfHealingProperty key="restartServiceBy" value="CaptionType"/>
                    <selfHealingProperty
                        key="retryMonitoringIntervalBeforeSelfHeal" value="10"/>
                    <selfHealingProperty key="useCustomCredentials" value="LocalSystem"/>
                    <selfHealingProperty key="credentialPassword" value=""/>
                    <selfHealingProperty key="executeSelfHeal" value="true"/>
                    <selfHealingProperty key="RemoteExecutionTimeout" value="1"/>
                    <selfHealingProperty key="selectedInterval" value="3600"/>
                    <selfHealingProperty key="credentialUserName" value=""/>
                </selfHealing>
            </service>
            <service autoReapply="false" id="22105"
                isCustomService="false" name="Windows Service">
                <configurationName>Windows Service - N-able Technologies Endpoint Redline Service</configurationName>
                <action actionId="2"/>
                <parameters>
                    <parameter key="scan_interval" parameterId="2210500"
                        type="1" useAssetInfo="false"
                        useDefaultValue="true" value="true"/>
                    <parameter key="Matrix.0.Constraint.0.Value"
                        parameterId="2210508" type="2"
                        useAssetInfo="false" useDefaultValue="false" value="N-able Technologies Endpoint Redline Service"/>
                </parameters>
                <thresholds>
                    <threshold detailName="ServiceStarted"
                        monitoringType="Default" taskState="3"
                        valueHigh="1" valueLow="1" valueString="" valueStringEval=""/>
                    <threshold detailName="ServiceStarted"
                        monitoringType="Default" taskState="5"
                        valueHigh="0" valueLow="0" valueString="" valueStringEval=""/>
                </thresholds>
                <selfHealing>
                    <selfHealingProperty
                        key="retryMonitoringBeforeSelfHeal" value="true"/>
                    <selfHealingProperty key="selectedService" value="N-able Technologies Endpoint Redline Service"/>
                    <selfHealingProperty
                        key="retryMonitoringIntervalAfterSelfHeal" value="10"/>
                    <selfHealingProperty
                        key="maxNumberOfRetriesPerInterval" value="1"/>
                    <selfHealingProperty
                        key="retryMonitoringCountAfterSelfHeal" value="3"/>
                    <selfHealingProperty key="selfHealingType" value="restartService"/>
                    <selfHealingProperty key="waitIntervalAfterSelfHeal" value="1"/>
                    <selfHealingProperty
                        key="retryMonitoringCountBeforeSelfHeal" value="3"/>
                    <selfHealingProperty key="notificationType" value="FollowStandardNotificationRules"/>
                    <selfHealingProperty key="selectedStatuses" value="5"/>
                    <selfHealingProperty key="restartServiceBy" value="CaptionType"/>
                    <selfHealingProperty
                        key="retryMonitoringIntervalBeforeSelfHeal" value="10"/>
                    <selfHealingProperty key="useCustomCredentials" value="LocalSystem"/>
                    <selfHealingProperty key="credentialPassword" value=""/>
                    <selfHealingProperty key="executeSelfHeal" value="true"/>
                    <selfHealingProperty key="RemoteExecutionTimeout" value="1"/>
                    <selfHealingProperty key="selectedInterval" value="3600"/>
                    <selfHealingProperty key="credentialUserName" value=""/>
                </selfHealing>
            </service>
            <service autoReapply="false" id="22105"
                isCustomService="false" name="Windows Service">
                <configurationName>Windows Service - N-able Technologies Endpoint Security Service</configurationName>
                <action actionId="2"/>
                <parameters>
                    <parameter key="scan_interval" parameterId="2210500"
                        type="1" useAssetInfo="false"
                        useDefaultValue="true" value="true"/>
                    <parameter key="Matrix.0.Constraint.0.Value"
                        parameterId="2210508" type="2"
                        useAssetInfo="false" useDefaultValue="false" value="N-able Technologies Endpoint Security Service"/>
                </parameters>
                <thresholds>
                    <threshold detailName="ServiceStarted"
                        monitoringType="Default" taskState="3"
                        valueHigh="1" valueLow="1" valueString="" valueStringEval=""/>
                    <threshold detailName="ServiceStarted"
                        monitoringType="Default" taskState="5"
                        valueHigh="0" valueLow="0" valueString="" valueStringEval=""/>
                </thresholds>
                <selfHealing>
                    <selfHealingProperty
                        key="retryMonitoringBeforeSelfHeal" value="true"/>
                    <selfHealingProperty key="selectedService" value="N-able Technologies Endpoint Security Service"/>
                    <selfHealingProperty
                        key="retryMonitoringIntervalAfterSelfHeal" value="10"/>
                    <selfHealingProperty
                        key="maxNumberOfRetriesPerInterval" value="1"/>
                    <selfHealingProperty
                        key="retryMonitoringCountAfterSelfHeal" value="3"/>
                    <selfHealingProperty key="selfHealingType" value="restartService"/>
                    <selfHealingProperty key="waitIntervalAfterSelfHeal" value="1"/>
                    <selfHealingProperty
                        key="retryMonitoringCountBeforeSelfHeal" value="3"/>
                    <selfHealingProperty key="notificationType" value="FollowStandardNotificationRules"/>
                    <selfHealingProperty key="selectedStatuses" value="5"/>
                    <selfHealingProperty key="restartServiceBy" value="CaptionType"/>
                    <selfHealingProperty
                        key="retryMonitoringIntervalBeforeSelfHeal" value="10"/>
                    <selfHealingProperty key="useCustomCredentials" value="LocalSystem"/>
                    <selfHealingProperty key="credentialPassword" value=""/>
                    <selfHealingProperty key="executeSelfHeal" value="true"/>
                    <selfHealingProperty key="RemoteExecutionTimeout" value="1"/>
                    <selfHealingProperty key="selectedInterval" value="3600"/>
                    <selfHealingProperty key="credentialUserName" value=""/>
                </selfHealing>
            </service>
            <service autoReapply="false" id="22105"
                isCustomService="false" name="Windows Service">
                <configurationName>Windows Service - N-able Technologies Endpoint Update Service</configurationName>
                <action actionId="2"/>
                <parameters>
                    <parameter key="scan_interval" parameterId="2210500"
                        type="1" useAssetInfo="false"
                        useDefaultValue="true" value="true"/>
                    <parameter key="Matrix.0.Constraint.0.Value"
                        parameterId="2210508" type="2"
                        useAssetInfo="false" useDefaultValue="false" value="N-able Technologies Endpoint Update Service"/>
                </parameters>
                <thresholds>
                    <threshold detailName="ServiceStarted"
                        monitoringType="Default" taskState="3"
                        valueHigh="1" valueLow="1" valueString="" valueStringEval=""/>
                    <threshold detailName="ServiceStarted"
                        monitoringType="Default" taskState="5"
                        valueHigh="0" valueLow="0" valueString="" valueStringEval=""/>
                </thresholds>
                <selfHealing>
                    <selfHealingProperty
                        key="retryMonitoringBeforeSelfHeal" value="true"/>
                    <selfHealingProperty key="selectedService" value="N-able Technologies Endpoint Update Service"/>
                    <selfHealingProperty
                        key="retryMonitoringIntervalAfterSelfHeal" value="10"/>
                    <selfHealingProperty
                        key="maxNumberOfRetriesPerInterval" value="1"/>
                    <selfHealingProperty
                        key="retryMonitoringCountAfterSelfHeal" value="3"/>
                    <selfHealingProperty key="selfHealingType" value="restartService"/>
                    <selfHealingProperty key="waitIntervalAfterSelfHeal" value="1"/>
                    <selfHealingProperty
                        key="retryMonitoringCountBeforeSelfHeal" value="3"/>
                    <selfHealingProperty key="notificationType" value="FollowStandardNotificationRules"/>
                    <selfHealingProperty key="selectedStatuses" value="5"/>
                    <selfHealingProperty key="restartServiceBy" value="CaptionType"/>
                    <selfHealingProperty
                        key="retryMonitoringIntervalBeforeSelfHeal" value="10"/>
                    <selfHealingProperty key="useCustomCredentials" value="LocalSystem"/>
                    <selfHealingProperty key="credentialPassword" value=""/>
                    <selfHealingProperty key="executeSelfHeal" value="true"/>
                    <selfHealingProperty key="RemoteExecutionTimeout" value="1"/>
                    <selfHealingProperty key="selectedInterval" value="3600"/>
                    <selfHealingProperty key="credentialUserName" value=""/>
                </selfHealing>
            </service>
        </services>
    </serviceTemplate>
</serviceTemplates>
